Country,Year,PRODUCTION
AFGHANISTAN,2015,410000
AFGHANISTAN,2014,537000
AFGHANISTAN,2013,512094
AFGHANISTAN,2012,500000
AFGHANISTAN,2011,672000
AFGHANISTAN,2010,672000
AFGHANISTAN,2009,645000
AFGHANISTAN,2008,612000
AFGHANISTAN,2007,552000
AFGHANISTAN,2006,540000
AFGHANISTAN,2005,485000
AFGHANISTAN,2004,463000
AFGHANISTAN,2003,434000
AFGHANISTAN,2002,388000
AFGHANISTAN,2001,242000
AFGHANISTAN,2000,260000
AFGHANISTAN,1999,280000
AFGHANISTAN,1998,450000
AFGHANISTAN,1997,400000
AFGHANISTAN,1996,340000
AFGHANISTAN,1995,390000
AFGHANISTAN,1994,342000
AFGHANISTAN,1993,300000
AFGHANISTAN,1992,300000
AFGHANISTAN,1991,335000
ALBANIA,1993,585
ALBANIA,1992,960
ALBANIA,1991,2283
ALGERIA,2015,274
ALGERIA,2014,320
ALGERIA,2013,320
ALGERIA,2012,300
ALGERIA,2011,319
ALGERIA,2010,311
ALGERIA,2009,320
ALGERIA,2008,334
ALGERIA,2007,348
ALGERIA,2006,360
ALGERIA,2005,390
ALGERIA,2004,414
ALGERIA,2003,425
ALGERIA,2002,400
ALGERIA,2001,419
ALGERIA,2000,437
ALGERIA,1999,456
ALGERIA,1998,493
ALGERIA,1997,300
ALGERIA,1996,1072
ALGERIA,1995,1158
ALGERIA,1994,1244
ALGERIA,1993,1290
ALGERIA,1992,1410
ALGERIA,1991,1500
ANGOLA,2015,45322
ANGOLA,2014,42288
ANGOLA,2013,37608
ANGOLA,2012,21492
ANGOLA,2011,23209
ANGOLA,2010,17697
ANGOLA,2009,14291
ANGOLA,2008,8414
ANGOLA,2007,4635
ANGOLA,2006,3831
ANGOLA,2005,8650
ANGOLA,2004,13000
ANGOLA,2003,10831
ANGOLA,2002,4890
ANGOLA,2001,5335
ANGOLA,2000,5776
ANGOLA,1999,7402
ANGOLA,1998,10000
ANGOLA,1997,12000
ANGOLA,1996,14000
ANGOLA,1995,19000
ANGOLA,1994,21000
ANGOLA,1993,4000
ANGOLA,1992,4000
ANGOLA,1991,4000
ARGENTINA,2015,1558100
ARGENTINA,2014,1581810
ARGENTINA,2013,1563450
ARGENTINA,2012,1567971
ARGENTINA,2011,1748075
ARGENTINA,2010,1243259
ARGENTINA,2009,1334155
ARGENTINA,2008,1245800
ARGENTINA,2007,1080070
ARGENTINA,2006,1193492
ARGENTINA,2005,956253
ARGENTINA,2004,1060083
ARGENTINA,2003,717630
ARGENTINA,2002,709295
ARGENTINA,2001,873183
ARGENTINA,2000,903630
ARGENTINA,1999,1658200
ARGENTINA,1998,1011135
ARGENTINA,1997,1205140
ARGENTINA,1996,986000
ARGENTINA,1995,926200
ARGENTINA,1994,607600
ARGENTINA,1993,608300
ARGENTINA,1992,732700
ARGENTINA,1991,347600
AUSTRALIA,2015,690390
AUSTRALIA,2014,819276
AUSTRALIA,2013,1161115
AUSTRALIA,2012,918733
AUSTRALIA,2011,723283
AUSTRALIA,2010,196684
AUSTRALIA,2009,60868
AUSTRALIA,2008,17614
AUSTRALIA,2007,162806
AUSTRALIA,2006,1002654
AUSTRALIA,2005,338885
AUSTRALIA,2004,553114
AUSTRALIA,2003,438111
AUSTRALIA,2002,1192202
AUSTRALIA,2001,1643403
AUSTRALIA,2000,1100700
AUSTRALIA,1999,1389800
AUSTRALIA,1998,1330900
AUSTRALIA,1997,1388000
AUSTRALIA,1996,951200
AUSTRALIA,1995,1137000
AUSTRALIA,1994,1082000
AUSTRALIA,1993,955000
AUSTRALIA,1992,1122000
AUSTRALIA,1991,787000
AZERBAIJAN,2015,2834
AZERBAIJAN,2014,2679
AZERBAIJAN,2013,4833
AZERBAIJAN,2012,3749
AZERBAIJAN,2011,3695
AZERBAIJAN,2010,3930
AZERBAIJAN,2009,4353
AZERBAIJAN,2008,3740
AZERBAIJAN,2007,3575
AZERBAIJAN,2006,5085
AZERBAIJAN,2005,8308
AZERBAIJAN,2004,10243
AZERBAIJAN,2003,15651
AZERBAIJAN,2002,16640
AZERBAIJAN,2001,18365
AZERBAIJAN,2000,22335
AZERBAIJAN,1999,15874
AZERBAIJAN,1998,11608
AZERBAIJAN,1997,10797
AZERBAIJAN,1996,8070
AZERBAIJAN,1995,3807
AZERBAIJAN,1994,1029
AZERBAIJAN,1993,1124
AZERBAIJAN,1992,622
BANGLADESH,2015,51278400
BANGLADESH,2014,52325620
BANGLADESH,2013,51534000
BANGLADESH,2012,50497000
BANGLADESH,2011,50627000
BANGLADESH,2010,50061200
BANGLADESH,2009,48144000
BANGLADESH,2008,46742000
BANGLADESH,2007,43181000
BANGLADESH,2006,40773000
BANGLADESH,2005,39795616
BANGLADESH,2004,36235976
BANGLADESH,2003,38361420
BANGLADESH,2002,37593000
BANGLADESH,2001,36269000
BANGLADESH,2000,37627500
BANGLADESH,1999,34430000
BANGLADESH,1998,29710000
BANGLADESH,1997,28152000
BANGLADESH,1996,28182000
BANGLADESH,1995,26399000
BANGLADESH,1994,25124000
BANGLADESH,1993,26928000
BANGLADESH,1992,27373000
BANGLADESH,1991,27242000
BELIZE,2015,12663
BELIZE,2014,16259
BELIZE,2013,20505
BELIZE,2012,12318
BELIZE,2011,19081
BELIZE,2010,20523
BELIZE,2009,20615
BELIZE,2008,11780
BELIZE,2007,17775
BELIZE,2006,11855
BELIZE,2005,17760
BELIZE,2004,10441
BELIZE,2003,12752
BELIZE,2002,10949
BELIZE,2001,12121
BELIZE,2000,9847
BELIZE,1999,12619
BELIZE,1998,9452
BELIZE,1997,16727
BELIZE,1996,12757
BELIZE,1995,9628
BELIZE,1994,6359
BELIZE,1993,9745
BELIZE,1992,6679
BELIZE,1991,4791
BENIN,2015,204310
BENIN,2014,234145
BENIN,2013,362589
BENIN,2012,216644
BENIN,2011,219626
BENIN,2010,124975
BENIN,2009,150604
BENIN,2008,109371
BENIN,2007,72960
BENIN,2006,61818
BENIN,2005,78329
BENIN,2004,64699
BENIN,2003,54183
BENIN,2002,63219
BENIN,2001,54901
BENIN,2000,49245
BENIN,1999,34040
BENIN,1998,35562
BENIN,1997,26891
BENIN,1996,22259
BENIN,1995,17219
BENIN,1994,13686
BENIN,1993,9955
BENIN,1992,10390
BENIN,1991,10282
BHUTAN,2015,76007
BHUTAN,2014,76621
BHUTAN,2013,78730
BHUTAN,2012,78014
BHUTAN,2011,78730
BHUTAN,2010,71637
BHUTAN,2009,66393
BHUTAN,2008,77391
BHUTAN,2007,74432
BHUTAN,2006,72513
BHUTAN,2005,67982
BHUTAN,2004,54324
BHUTAN,2003,44902
BHUTAN,2002,37391
BHUTAN,2001,40000
BHUTAN,2000,44300
BHUTAN,1999,46715
BHUTAN,1998,48064
BHUTAN,1997,49164
BHUTAN,1996,49395
BHUTAN,1995,50000
BHUTAN,1994,45000
BHUTAN,1993,41555
BHUTAN,1992,41416
BHUTAN,1991,40414
BOLIVIA,2015,527341
BOLIVIA,2014,484057
BOLIVIA,2013,442912
BOLIVIA,2012,474664
BOLIVIA,2011,428007
BOLIVIA,2010,442017
BOLIVIA,2009,410994
BOLIVIA,2008,337800
BOLIVIA,2007,352104
BOLIVIA,2006,446462
BOLIVIA,2005,479246
BOLIVIA,2004,331336
BOLIVIA,2003,423278
BOLIVIA,2002,259452
BOLIVIA,2001,332437
BOLIVIA,2000,299083
BOLIVIA,1999,256789
BOLIVIA,1998,296253
BOLIVIA,1997,255586
BOLIVIA,1996,343520
BOLIVIA,1995,264612
BOLIVIA,1994,247333
BOLIVIA,1993,222594
BOLIVIA,1992,229292
BOLIVIA,1991,240770
BRAZIL,2015,12301201
BRAZIL,2014,12175602
BRAZIL,2013,11782549
BRAZIL,2012,11549881
BRAZIL,2011,13476994
BRAZIL,2010,11235986
BRAZIL,2009,12651144
BRAZIL,2008,12061465
BRAZIL,2007,11060741
BRAZIL,2006,11526685
BRAZIL,2005,13192863
BRAZIL,2004,13277008
BRAZIL,2003,10334603
BRAZIL,2002,10445986
BRAZIL,2001,10184185
BRAZIL,2000,11134588
BRAZIL,1999,11709694
BRAZIL,1998,7716090
BRAZIL,1997,8351665
BRAZIL,1996,8652328
BRAZIL,1995,11226064
BRAZIL,1994,10540789
BRAZIL,1993,10107310
BRAZIL,1992,10006292
BRAZIL,1991,9488007
BRUNEI,2015,1583
BRUNEI,2014,1270
BRUNEI,2013,1237
BRUNEI,2012,1756
BRUNEI,2011,1480
BRUNEI,2010,1072
BRUNEI,2009,891
BRUNEI,2008,911
BRUNEI,2007,983
BRUNEI,2006,886
BRUNEI,2005,851
BRUNEI,2004,620
BRUNEI,2003,547
BRUNEI,2002,372
BRUNEI,2001,350
BRUNEI,2000,299
BRUNEI,1999,200
BRUNEI,1998,446
BRUNEI,1997,446
BRUNEI,1996,446
BRUNEI,1995,508
BRUNEI,1994,785
BRUNEI,1993,790
BRUNEI,1992,740
BRUNEI,1991,880
BULGARIA,2015,67684
BULGARIA,2014,54155
BULGARIA,2013,56121
BULGARIA,2012,54896
BULGARIA,2011,59619
BULGARIA,2010,57432
BULGARIA,2009,43441
BULGARIA,2008,38645
BULGARIA,2007,30576
BULGARIA,2006,20008
BULGARIA,2005,20163
BULGARIA,2004,28116
BULGARIA,2003,23659
BULGARIA,2002,17955
BULGARIA,2001,18706
BULGARIA,2000,16784
BULGARIA,1999,7000
BULGARIA,1998,10277
BULGARIA,1997,11333
BULGARIA,1996,8832
BULGARIA,1995,4984
BULGARIA,1994,3076
BULGARIA,1993,10842
BULGARIA,1992,14499
BULGARIA,1991,20833
BURKINA FASO,2015,325138
BURKINA FASO,2014,347501
BURKINA FASO,2013,305382
BURKINA FASO,2012,319390
BURKINA FASO,2011,240866
BURKINA FASO,2010,270658
BURKINA FASO,2009,213584
BURKINA FASO,2008,195102
BURKINA FASO,2007,68916
BURKINA FASO,2006,113700
BURKINA FASO,2005,93516
BURKINA FASO,2004,74501
BURKINA FASO,2003,95494
BURKINA FASO,2002,89104
BURKINA FASO,2001,109868
BURKINA FASO,2000,103087
BURKINA FASO,1999,94209
BURKINA FASO,1998,88998
BURKINA FASO,1997,89516
BURKINA FASO,1996,111807
BURKINA FASO,1995,84025
BURKINA FASO,1994,61009
BURKINA FASO,1993,53809
BURKINA FASO,1992,46700
BURKINA FASO,1991,38600
BURUNDI,2015,38674
BURUNDI,2014,67377
BURUNDI,2013,41454
BURUNDI,2012,64620
BURUNDI,2011,91415
BURUNDI,2010,83019
BURUNDI,2009,78432
BURUNDI,2008,70846
BURUNDI,2007,70911
BURUNDI,2006,68311
BURUNDI,2005,67947
BURUNDI,2004,64532
BURUNDI,2003,61256
BURUNDI,2002,62648
BURUNDI,2001,60920
BURUNDI,2000,51678
BURUNDI,1999,58630
BURUNDI,1998,41000
BURUNDI,1997,65102
BURUNDI,1996,41810
BURUNDI,1995,26819
BURUNDI,1994,38228
BURUNDI,1993,40200
BURUNDI,1992,40400
BURUNDI,1991,40200
CAMBODIA,2015,9335000
CAMBODIA,2014,9324000
CAMBODIA,2013,9390000
CAMBODIA,2012,9290940
CAMBODIA,2011,8779000
CAMBODIA,2010,8245320
CAMBODIA,2009,7585870
CAMBODIA,2008,7175473
CAMBODIA,2007,6727000
CAMBODIA,2006,6264123
CAMBODIA,2005,5986200
CAMBODIA,2004,4170284
CAMBODIA,2003,4710957
CAMBODIA,2002,3822509
CAMBODIA,2001,4099016
CAMBODIA,2000,4026092
CAMBODIA,1999,4040900
CAMBODIA,1998,3509871
CAMBODIA,1997,3414917
CAMBODIA,1996,3404000
CAMBODIA,1995,3447800
CAMBODIA,1994,2223500
CAMBODIA,1993,2383350
CAMBODIA,1992,2221000
CAMBODIA,1991,2400000
CAMEROON,2015,278281
CAMEROON,2014,153246
CAMEROON,2013,194094
CAMEROON,2012,181818
CAMEROON,2011,174089
CAMEROON,2010,153078
CAMEROON,2009,134659
CAMEROON,2008,72009
CAMEROON,2007,68267
CAMEROON,2006,64525
CAMEROON,2005,58369
CAMEROON,2004,49958
CAMEROON,2003,47175
CAMEROON,2002,44548
CAMEROON,2001,62011
CAMEROON,2000,61271
CAMEROON,1999,67470
CAMEROON,1998,53200
CAMEROON,1997,37000
CAMEROON,1996,36100
CAMEROON,1995,35300
CAMEROON,1994,36200
CAMEROON,1993,29000
CAMEROON,1992,52500
CAMEROON,1991,36400
CENTRAL AFRICAN REPUBLIC,2015,10180
CENTRAL AFRICAN REPUBLIC,2014,12822
CENTRAL AFRICAN REPUBLIC,2013,29171
CENTRAL AFRICAN REPUBLIC,2012,42000
CENTRAL AFRICAN REPUBLIC,2011,40000
CENTRAL AFRICAN REPUBLIC,2010,39000
CENTRAL AFRICAN REPUBLIC,2009,39110
CENTRAL AFRICAN REPUBLIC,2008,37971
CENTRAL AFRICAN REPUBLIC,2007,37595
CENTRAL AFRICAN REPUBLIC,2006,40000
CENTRAL AFRICAN REPUBLIC,2005,46200
CENTRAL AFRICAN REPUBLIC,2004,31900
CENTRAL AFRICAN REPUBLIC,2003,29700
CENTRAL AFRICAN REPUBLIC,2002,27400
CENTRAL AFRICAN REPUBLIC,2001,25300
CENTRAL AFRICAN REPUBLIC,2000,23100
CENTRAL AFRICAN REPUBLIC,1999,21000
CENTRAL AFRICAN REPUBLIC,1998,18500
CENTRAL AFRICAN REPUBLIC,1997,17000
CENTRAL AFRICAN REPUBLIC,1996,15000
CENTRAL AFRICAN REPUBLIC,1995,10000
CENTRAL AFRICAN REPUBLIC,1994,8034
CENTRAL AFRICAN REPUBLIC,1993,7800
CENTRAL AFRICAN REPUBLIC,1992,8000
CENTRAL AFRICAN REPUBLIC,1991,7664
CHAD,2015,243478
CHAD,2014,304112
CHAD,2013,378426
CHAD,2012,188911
CHAD,2011,172687
CHAD,2010,186118
CHAD,2009,130704
CHAD,2008,173992
CHAD,2007,106378
CHAD,2006,112380
CHAD,2005,145667
CHAD,2004,91083
CHAD,2003,126024
CHAD,2002,134880
CHAD,2001,112167
CHAD,2000,92624
CHAD,1999,158282
CHAD,1998,100230
CHAD,1997,112288
CHAD,1996,97728
CHAD,1995,78978
CHAD,1994,90548
CHAD,1993,23104
CHAD,1992,108211
CHAD,1991,117725
CHILE,2015,163560
CHILE,2014,134884
CHILE,2013,130307
CHILE,2012,149788
CHILE,2011,130375
CHILE,2010,94673
CHILE,2009,127311
CHILE,2008,121400
CHILE,2007,110268
CHILE,2006,160315
CHILE,2005,116832
CHILE,2004,119265
CHILE,2003,140849
CHILE,2002,141927
CHILE,2001,143261
CHILE,2000,135060
CHILE,1999,61000
CHILE,1998,104375
CHILE,1997,87552
CHILE,1996,152795
CHILE,1995,145899
CHILE,1994,133080
CHILE,1993,130629
CHILE,1992,133531
CHILE,1991,117115
CHINA,2015,208230000
CHINA,2014,206507392
CHINA,2013,203612192
CHINA,2012,204235900
CHINA,2011,201000896
CHINA,2010,195760992
CHINA,2009,195103008
CHINA,2008,191895700
CHINA,2007,186034000
CHINA,2006,181718000
CHINA,2005,180588000
CHINA,2004,179088992
CHINA,2003,160656000
CHINA,2002,174539008
CHINA,2001,177580992
CHINA,2000,187908000
CHINA,1999,198487008
CHINA,1998,198712400
CHINA,1997,200730000
CHINA,1996,195102000
CHINA,1995,185226000
CHINA,1994,175932992
CHINA,1993,177514000
CHINA,1992,186222000
CHINA,1991,183813000
COLOMBIA,2015,2488519
COLOMBIA,2014,2206525
COLOMBIA,2013,1996580
COLOMBIA,2012,2317710
COLOMBIA,2011,2009945
COLOMBIA,2010,1988191
COLOMBIA,2009,2479921
COLOMBIA,2008,2412852
COLOMBIA,2007,2117165
COLOMBIA,2006,1965414
COLOMBIA,2005,2206512
COLOMBIA,2004,2496720
COLOMBIA,2003,2417190
COLOMBIA,2002,2063030
COLOMBIA,2001,2156310
COLOMBIA,2000,2237270
COLOMBIA,1999,2185232
COLOMBIA,1998,1897740
COLOMBIA,1997,1830286
COLOMBIA,1996,1661336
COLOMBIA,1995,1742547
COLOMBIA,1994,1657212
COLOMBIA,1993,1590062
COLOMBIA,1992,1734950
COLOMBIA,1991,1738600
COMOROS,2015,32203
COMOROS,2014,30520
COMOROS,2013,29000
COMOROS,2012,27000
COMOROS,2011,26500
COMOROS,2010,24000
COMOROS,2009,21264
COMOROS,2008,20000
COMOROS,2007,17000
COMOROS,2006,20000
COMOROS,2005,18000
COMOROS,2004,18018
COMOROS,2003,17753
COMOROS,2002,17486
COMOROS,2001,17224
COMOROS,2000,15935
COMOROS,1999,17363
COMOROS,1998,17597
COMOROS,1997,17433
COMOROS,1996,17269
COMOROS,1995,17101
COMOROS,1994,16927
COMOROS,1993,17000
COMOROS,1992,16500
COMOROS,1991,16000
CONGO (BRAZZAVILLE),2015,1121
CONGO (BRAZZAVILLE),2014,1127
CONGO (BRAZZAVILLE),2013,1136
CONGO (BRAZZAVILLE),2012,1150
CONGO (BRAZZAVILLE),2011,1170
CONGO (BRAZZAVILLE),2010,1506
CONGO (BRAZZAVILLE),2009,1500
CONGO (BRAZZAVILLE),2008,1300
CONGO (BRAZZAVILLE),2007,1100
CONGO (BRAZZAVILLE),2006,1100
CONGO (BRAZZAVILLE),2005,1100
CONGO (BRAZZAVILLE),2004,1242
CONGO (BRAZZAVILLE),2003,1200
CONGO (BRAZZAVILLE),2002,1403
CONGO (BRAZZAVILLE),2001,1351
CONGO (BRAZZAVILLE),2000,1301
CONGO (BRAZZAVILLE),1999,1273
CONGO (BRAZZAVILLE),1998,979
CONGO (BRAZZAVILLE),1997,980
CONGO (BRAZZAVILLE),1996,1138
CONGO (BRAZZAVILLE),1995,1101
CONGO (BRAZZAVILLE),1994,1594
CONGO (BRAZZAVILLE),1993,1539
CONGO (BRAZZAVILLE),1992,1488
CONGO (BRAZZAVILLE),1991,1438
CONGO,2015,307383
CONGO,2014,308577
CONGO,2013,307155
CONGO,2012,315090
CONGO,2011,318750
CONGO,2010,318144
CONGO,2009,316880
CONGO,2008,316530
CONGO,2007,316180
CONGO,2006,315830
CONGO,2005,315480
CONGO,2004,315130
CONGO,2003,314780
CONGO,2002,314430
CONGO,2001,326025
CONGO,2000,337800
CONGO,1999,350000
CONGO,1998,362657
CONGO,1997,322099
CONGO,1996,347947
CONGO,1995,365818
CONGO,1994,426170
CONGO,1993,429810
CONGO,1992,403300
CONGO,1991,393900
COSTA RICA,2015,195744
COSTA RICA,2014,224157
COSTA RICA,2013,224570
COSTA RICA,2012,214418
COSTA RICA,2011,278975
COSTA RICA,2010,267772
COSTA RICA,2009,259656
COSTA RICA,2008,221474
COSTA RICA,2007,179728
COSTA RICA,2006,194261
COSTA RICA,2005,183254
COSTA RICA,2004,197211
COSTA RICA,2003,183637
COSTA RICA,2002,189768
COSTA RICA,2001,216699
COSTA RICA,2000,266420
COSTA RICA,1999,264317
COSTA RICA,1998,238999
COSTA RICA,1997,248528
COSTA RICA,1996,236525
COSTA RICA,1995,183184
COSTA RICA,1994,205444
COSTA RICA,1993,172773
COSTA RICA,1992,202518
COSTA RICA,1991,213179
CUBA,2015,418037
CUBA,2014,584800
CUBA,2013,672600
CUBA,2012,641600
CUBA,2011,566400
CUBA,2010,454400
CUBA,2009,563600
CUBA,2008,436000
CUBA,2007,439600
CUBA,2006,434200
CUBA,2005,367600
CUBA,2004,488900
CUBA,2003,715800
CUBA,2002,692000
CUBA,2001,601000
CUBA,2000,552800
CUBA,1999,559000
CUBA,1998,441600
CUBA,1997,614200
CUBA,1996,572900
CUBA,1995,396100
CUBA,1994,387600
CUBA,1993,185602
CUBA,1992,376328
CUBA,1991,427617
DOMINICAN REPUBLIC,2015,823895
DOMINICAN REPUBLIC,2014,718237
DOMINICAN REPUBLIC,2013,723637
DOMINICAN REPUBLIC,2012,663981
DOMINICAN REPUBLIC,2011,874690
DOMINICAN REPUBLIC,2010,850228
DOMINICAN REPUBLIC,2009,780139
DOMINICAN REPUBLIC,2008,778511
DOMINICAN REPUBLIC,2007,748986
DOMINICAN REPUBLIC,2006,713821
DOMINICAN REPUBLIC,2005,644940
DOMINICAN REPUBLIC,2004,576621
DOMINICAN REPUBLIC,2003,608329
DOMINICAN REPUBLIC,2002,730705
DOMINICAN REPUBLIC,2001,721668
DOMINICAN REPUBLIC,2000,581410
DOMINICAN REPUBLIC,1999,566501
DOMINICAN REPUBLIC,1998,474595
DOMINICAN REPUBLIC,1997,508539
DOMINICAN REPUBLIC,1996,474220
DOMINICAN REPUBLIC,1995,486741
DOMINICAN REPUBLIC,1994,375807
DOMINICAN REPUBLIC,1993,442531
DOMINICAN REPUBLIC,1992,565653
DOMINICAN REPUBLIC,1991,466171
ECUADOR,2015,1652793
ECUADOR,2014,1379954
ECUADOR,2013,1516045
ECUADOR,2012,1565535
ECUADOR,2011,1477941
ECUADOR,2010,1706193
ECUADOR,2009,1579406
ECUADOR,2008,1442052
ECUADOR,2007,1734135
ECUADOR,2006,1501238
ECUADOR,2005,1471064
ECUADOR,2004,1778380
ECUADOR,2003,1384715
ECUADOR,2002,1432811
ECUADOR,2001,1255990
ECUADOR,2000,1246634
ECUADOR,1999,1289684
ECUADOR,1998,1042992
ECUADOR,1997,1471778
ECUADOR,1996,1398346
ECUADOR,1995,1290518
ECUADOR,1994,1420470
ECUADOR,1993,1239762
ECUADOR,1992,1029558
ECUADOR,1991,557346
EGYPT,2015,4817964
EGYPT,2014,5467392
EGYPT,2013,5724106
EGYPT,2012,5911086
EGYPT,2011,5675027
EGYPT,2010,4329503
EGYPT,2009,5520482
EGYPT,2008,7253373
EGYPT,2007,6876830
EGYPT,2006,6755000
EGYPT,2005,6125300
EGYPT,2004,6352370
EGYPT,2003,6176266
EGYPT,2002,6105456
EGYPT,2001,5226703
EGYPT,2000,6000490
EGYPT,1999,5816960
EGYPT,1998,4474110
EGYPT,1997,5480010
EGYPT,1996,4895388
EGYPT,1995,4788097
EGYPT,1994,4583007
EGYPT,1993,4160762
EGYPT,1992,3909706
EGYPT,1991,3447812
EL SALVADOR,2015,38782
EL SALVADOR,2014,41838
EL SALVADOR,2013,36254
EL SALVADOR,2012,28325
EL SALVADOR,2011,25589
EL SALVADOR,2010,34479
EL SALVADOR,2009,40188
EL SALVADOR,2008,35218
EL SALVADOR,2007,31540
EL SALVADOR,2006,31011
EL SALVADOR,2005,25984
EL SALVADOR,2004,26519
EL SALVADOR,2003,22515
EL SALVADOR,2002,29098
EL SALVADOR,2001,37720
EL SALVADOR,2000,47204
EL SALVADOR,1999,57364
EL SALVADOR,1998,51377
EL SALVADOR,1997,66055
EL SALVADOR,1996,55292
EL SALVADOR,1995,51106
EL SALVADOR,1994,64639
EL SALVADOR,1993,74474
EL SALVADOR,1992,71962
EL SALVADOR,1991,61438
ETHIOPIA,2015,139780
ETHIOPIA,2014,131821
ETHIOPIA,2013,92363
ETHIOPIA,2012,121042
ETHIOPIA,2011,88619
ETHIOPIA,2010,90412
ETHIOPIA,2009,103128
ETHIOPIA,2008,71394
ETHIOPIA,2007,11244
ETHIOPIA,2006,11244
ETHIOPIA,2005,11244
ETHIOPIA,2004,12000
ETHIOPIA,2003,13000
ETHIOPIA,2002,15412
ETHIOPIA,2001,15412
ETHIOPIA,2000,15000
ETHIOPIA,1999,14000
ETHIOPIA,1998,13000
ETHIOPIA,1997,12000
ETHIOPIA,1996,11097
ETHIOPIA,1995,11000
ETHIOPIA,1994,10380
ETHIOPIA,1993,10000
FIJI,2015,5705
FIJI,2014,6843
FIJI,2013,6873
FIJI,2012,4653
FIJI,2011,7914
FIJI,2010,7664
FIJI,2009,11637
FIJI,2008,11595
FIJI,2007,14870
FIJI,2006,12732
FIJI,2005,15189
FIJI,2004,14358
FIJI,2003,15504
FIJI,2002,12852
FIJI,2001,14612
FIJI,2000,13170
FIJI,1999,17301
FIJI,1998,5092
FIJI,1997,17385
FIJI,1996,17370
FIJI,1995,18496
FIJI,1994,18019
FIJI,1993,22284
FIJI,1992,22479
FIJI,1991,29038
FRANCE,2015,80858
FRANCE,2014,83492
FRANCE,2013,80801
FRANCE,2012,124091
FRANCE,2011,130400
FRANCE,2010,120170
FRANCE,2009,137132
FRANCE,2008,111523
FRANCE,2007,97316
FRANCE,2006,94782
FRANCE,2005,102306
FRANCE,2004,115110
FRANCE,2003,106723
FRANCE,2002,105227
FRANCE,2001,102810
FRANCE,2000,115958
FRANCE,1999,110256
FRANCE,1998,113823
FRANCE,1997,127088
FRANCE,1996,120279
FRANCE,1995,127305
FRANCE,1994,128509
FRANCE,1993,131042
FRANCE,1992,127737
FRANCE,1991,115042
FRENCH GUIANA,2015,8817
FRENCH GUIANA,2014,9870
FRENCH GUIANA,2013,9000
FRENCH GUIANA,2012,8700
FRENCH GUIANA,2011,8700
FRENCH GUIANA,2010,5405
FRENCH GUIANA,2009,6563
FRENCH GUIANA,2008,7523
FRENCH GUIANA,2007,9597
FRENCH GUIANA,2006,15073
FRENCH GUIANA,2005,17774
FRENCH GUIANA,2004,25529
FRENCH GUIANA,2003,23461
FRENCH GUIANA,2002,22407
FRENCH GUIANA,2001,31544
FRENCH GUIANA,2000,19612
FRENCH GUIANA,1999,19883
FRENCH GUIANA,1998,24896
FRENCH GUIANA,1997,31243
FRENCH GUIANA,1996,30977
FRENCH GUIANA,1995,25276
FRENCH GUIANA,1994,25190
FRENCH GUIANA,1993,27549
FRENCH GUIANA,1992,24315
FRENCH GUIANA,1991,28500
GABON,2015,1652
GABON,2014,1677
GABON,2013,1700
GABON,2012,1700
GABON,2011,1492
GABON,2010,1421
GABON,2009,1352
GABON,2008,1283
GABON,2007,1100
GABON,2006,1171
GABON,2005,1140
GABON,2004,1107
GABON,2003,1075
GABON,2002,1046
GABON,2001,1018
GABON,2000,1000
GABON,1999,961
GABON,1998,929
GABON,1997,896
GABON,1996,867
GABON,1995,829
GABON,1994,800
GABON,1993,400
GABON,1992,734
GABON,1991,1000
GAMBIA,2015,50187
GAMBIA,2014,46674
GAMBIA,2013,69704
GAMBIA,2012,54219
GAMBIA,2011,51136
GAMBIA,2010,99890
GAMBIA,2009,79000
GAMBIA,2008,38300
GAMBIA,2007,11395
GAMBIA,2006,31024
GAMBIA,2005,17934
GAMBIA,2004,32600
GAMBIA,2003,20500
GAMBIA,2002,20452
GAMBIA,2001,32600
GAMBIA,2000,34100
GAMBIA,1999,31700
GAMBIA,1998,18800
GAMBIA,1997,13000
GAMBIA,1996,18185
GAMBIA,1995,18952
GAMBIA,1994,20267
GAMBIA,1993,12056
GAMBIA,1992,19413
GAMBIA,1991,20528
GHANA,2015,641492
GHANA,2014,604000
GHANA,2013,569524
GHANA,2012,481134
GHANA,2011,463975
GHANA,2010,491603
GHANA,2009,391440
GHANA,2008,301920
GHANA,2007,185340
GHANA,2006,250000
GHANA,2005,287000
GHANA,2004,241807
GHANA,2003,238810
GHANA,2002,280000
GHANA,2001,274596
GHANA,2000,248700
GHANA,1999,209750
GHANA,1998,193600
GHANA,1997,197100
GHANA,1996,215720
GHANA,1995,201720
GHANA,1994,162300
GHANA,1993,157400
GHANA,1992,131500
GHANA,1991,150900
GREECE,2015,227810
GREECE,2014,229381
GREECE,2013,235939
GREECE,2012,230662
GREECE,2011,250685
GREECE,2010,208210
GREECE,2009,214964
GREECE,2008,185296
GREECE,2007,195340
GREECE,2006,179166
GREECE,2005,164966
GREECE,2004,168311
GREECE,2003,162443
GREECE,2002,165532
GREECE,2001,150187
GREECE,2000,140043
GREECE,1999,170465
GREECE,1998,189518
GREECE,1997,217377
GREECE,1996,221906
GREECE,1995,211599
GREECE,1994,191364
GREECE,1993,149476
GREECE,1992,106000
GREECE,1991,89000
GUATEMALA,2015,32826
GUATEMALA,2014,33616
GUATEMALA,2013,32246
GUATEMALA,2012,31135
GUATEMALA,2011,30404
GUATEMALA,2010,29624
GUATEMALA,2009,28703
GUATEMALA,2008,23972
GUATEMALA,2007,21682
GUATEMALA,2006,22407
GUATEMALA,2005,24952
GUATEMALA,2004,22004
GUATEMALA,2003,19754
GUATEMALA,2002,19219
GUATEMALA,2001,28939
GUATEMALA,2000,45223
GUATEMALA,1999,48398
GUATEMALA,1998,30692
GUATEMALA,1997,21942
GUATEMALA,1996,21358
GUATEMALA,1995,30581
GUATEMALA,1994,38810
GUATEMALA,1993,47650
GUATEMALA,1992,40436
GUATEMALA,1991,47486
GUINEA,2015,1970515
GUINEA,2014,1971000
GUINEA,2013,2053359
GUINEA,2012,1918841
GUINEA,2011,1792801
GUINEA,2010,1613730
GUINEA,2009,1455932
GUINEA,2008,1534088
GUINEA,2007,1401592
GUINEA,2006,1340313
GUINEA,2005,1272415
GUINEA,2004,1207956
GUINEA,2003,1146763
GUINEA,2002,1088669
GUINEA,2001,1033519
GUINEA,2000,1140809
GUINEA,1999,1092490
GUINEA,1998,1046215
GUINEA,1997,1001900
GUINEA,1996,959460
GUINEA,1995,918825
GUINEA,1994,879905
GUINEA,1993,842635
GUINEA,1992,806945
GUINEA,1991,772765
GUINEA-BISSAU,2015,170000
GUINEA-BISSAU,2014,133000
GUINEA-BISSAU,2013,209717
GUINEA-BISSAU,2012,198504
GUINEA-BISSAU,2011,175213
GUINEA-BISSAU,2010,209240
GUINEA-BISSAU,2009,181894
GUINEA-BISSAU,2008,148757
GUINEA-BISSAU,2007,127250
GUINEA-BISSAU,2006,106000
GUINEA-BISSAU,2005,98340
GUINEA-BISSAU,2004,89192
GUINEA-BISSAU,2003,88380
GUINEA-BISSAU,2002,87865
GUINEA-BISSAU,2001,85056
GUINEA-BISSAU,2000,106081
GUINEA-BISSAU,1999,80300
GUINEA-BISSAU,1998,87200
GUINEA-BISSAU,1997,99940
GUINEA-BISSAU,1996,120207
GUINEA-BISSAU,1995,133266
GUINEA-BISSAU,1994,131017
GUINEA-BISSAU,1993,125907
GUINEA-BISSAU,1992,123612
GUINEA-BISSAU,1991,123264
GUYANA,2015,687784
GUYANA,2014,635238
GUYANA,2013,823930
GUYANA,2012,649320
GUYANA,2011,619198
GUYANA,2010,556193
GUYANA,2009,553522
GUYANA,2008,507036
GUYANA,2007,458653
GUYANA,2006,472363
GUYANA,2005,420365
GUYANA,2004,500911
GUYANA,2003,546183
GUYANA,2002,443654
GUYANA,2001,495862
GUYANA,2000,448740
GUYANA,1999,562260
GUYANA,1998,522907
GUYANA,1997,568168
GUYANA,1996,543437
GUYANA,1995,525500
GUYANA,1994,378432
GUYANA,1993,336207
GUYANA,1992,286000
GUYANA,1991,251321
HAITI,2015,137000
HAITI,2014,143650
HAITI,2013,169300
HAITI,2012,147599
HAITI,2011,144063
HAITI,2010,141075
HAITI,2009,128300
HAITI,2008,110000
HAITI,2007,130000
HAITI,2006,110000
HAITI,2005,105000
HAITI,2004,105000
HAITI,2003,108500
HAITI,2002,107000
HAITI,2001,103000
HAITI,2000,130000
HAITI,1999,125000
HAITI,1998,101320
HAITI,1997,160000
HAITI,1996,120000
HAITI,1995,100000
HAITI,1994,105000
HAITI,1993,110000
HAITI,1992,125478
HAITI,1991,120000
HONDURAS,2015,53779
HONDURAS,2014,51574
HONDURAS,2013,49643
HONDURAS,2012,53755
HONDURAS,2011,49224
HONDURAS,2010,42186
HONDURAS,2009,44883
HONDURAS,2008,49544
HONDURAS,2007,46661
HONDURAS,2006,25973
HONDURAS,2005,21077
HONDURAS,2004,22409
HONDURAS,2003,26736
HONDURAS,2002,8781
HONDURAS,2001,11172
HONDURAS,2000,7262
HONDURAS,1999,12446
HONDURAS,1998,27760
HONDURAS,1997,50303
HONDURAS,1996,40134
HONDURAS,1995,34555
HONDURAS,1994,36609
HONDURAS,1993,30463
HONDURAS,1992,36742
HONDURAS,1991,54204
HUNGARY,2015,9412
HUNGARY,2014,7910
HUNGARY,2013,8640
HUNGARY,2012,11270
HUNGARY,2011,9075
HUNGARY,2010,5893
HUNGARY,2009,11722
HUNGARY,2008,9985
HUNGARY,2007,9916
HUNGARY,2006,7801
HUNGARY,2005,9441
HUNGARY,2004,9595
HUNGARY,2003,11194
HUNGARY,2002,9768
HUNGARY,2001,7707
HUNGARY,2000,11255
HUNGARY,1999,7487
HUNGARY,1998,7647
HUNGARY,1997,7303
HUNGARY,1996,7009
HUNGARY,1995,13300
HUNGARY,1994,15059
HUNGARY,1993,12851
HUNGARY,1992,15041
HUNGARY,1991,20426
INDIA,2015,156540000
INDIA,2014,157200000
INDIA,2013,159200000
INDIA,2012,157800000
INDIA,2011,157900000
INDIA,2010,143963008
INDIA,2009,135672992
INDIA,2008,148036000
INDIA,2007,144570000
INDIA,2006,139136992
INDIA,2005,137690096
INDIA,2004,124697104
INDIA,2003,132789000
INDIA,2002,107730304
INDIA,2001,139900000
INDIA,2000,127464896
INDIA,1999,134495904
INDIA,1998,129055000
INDIA,1997,123700000
INDIA,1996,122500000
INDIA,1995,115440000
INDIA,1994,122640000
INDIA,1993,120400000
INDIA,1992,109001200
INDIA,1991,112042000
INDONESIA,2015,75397841
INDONESIA,2014,70846465
INDONESIA,2013,71279712
INDONESIA,2012,69056128
INDONESIA,2011,65756904
INDONESIA,2010,66469392
INDONESIA,2009,64398888
INDONESIA,2008,60251072
INDONESIA,2007,57157436
INDONESIA,2006,54454936
INDONESIA,2005,54151096
INDONESIA,2004,54088468
INDONESIA,2003,52137600
INDONESIA,2002,51489696
INDONESIA,2001,50460800
INDONESIA,2000,51898000
INDONESIA,1999,50866388
INDONESIA,1998,49236700
INDONESIA,1997,49377056
INDONESIA,1996,51101504
INDONESIA,1995,49744140
INDONESIA,1994,46641500
INDONESIA,1993,48181088
INDONESIA,1992,48240008
INDONESIA,1991,44688240
IRAN,2015,2347701
IRAN,2014,2347291
IRAN,2013,2449995
IRAN,2012,2360000
IRAN,2011,1893013
IRAN,2010,2489999
IRAN,2009,2137006
IRAN,2008,2070003
IRAN,2007,2664237
IRAN,2006,2612175
IRAN,2005,2736843
IRAN,2004,2542443
IRAN,2003,2931138
IRAN,2002,2887541
IRAN,2001,1990223
IRAN,2000,1972505
IRAN,1999,2348241
IRAN,1998,2770574
IRAN,1997,2350124
IRAN,1996,2684767
IRAN,1995,2300901
IRAN,1994,2258969
IRAN,1993,2280764
IRAN,1992,2360138
IRAN,1991,2356593
IRAQ,2015,109209
IRAQ,2014,403028
IRAQ,2013,451849
IRAQ,2012,361339
IRAQ,2011,235118
IRAQ,2010,155829
IRAQ,2009,173074
IRAQ,2008,248157
IRAQ,2007,393000
IRAQ,2006,363000
IRAQ,2005,309000
IRAQ,2004,250000
IRAQ,2003,90000
IRAQ,2002,250000
IRAQ,2001,128000
IRAQ,2000,60000
IRAQ,1999,180000
IRAQ,1998,300000
IRAQ,1997,244000
IRAQ,1996,270000
IRAQ,1995,315000
IRAQ,1994,383000
IRAQ,1993,206000
IRAQ,1992,180000
IRAQ,1991,189103
ITALY,2015,1518229
ITALY,2014,1386100
ITALY,2013,1433111
ITALY,2012,1601478
ITALY,2011,1490150
ITALY,2010,1516400
ITALY,2009,1620400
ITALY,2008,1388900
ITALY,2007,1540087
ITALY,2006,1419129
ITALY,2005,1412957
ITALY,2004,1523436
ITALY,2003,1402350
ITALY,2002,1371100
ITALY,2001,1272952
ITALY,2000,1229767
ITALY,1999,1427100
ITALY,1998,1393524
ITALY,1997,1442419
ITALY,1996,1424000
ITALY,1995,1320850
ITALY,1994,1360520
ITALY,1993,1305100
ITALY,1992,1271581
ITALY,1991,1235600
IVORY COAST,2015,2041212
IVORY COAST,2014,2053520
IVORY COAST,2013,1934154
IVORY COAST,2012,1561905
IVORY COAST,2011,873016
IVORY COAST,2010,1206153
IVORY COAST,2009,687721
IVORY COAST,2008,679969
IVORY COAST,2007,606310
IVORY COAST,2006,715898
IVORY COAST,2005,703931
IVORY COAST,2004,681521
IVORY COAST,2003,659824
IVORY COAST,2002,646899
IVORY COAST,2001,634228
IVORY COAST,2000,621805
IVORY COAST,1999,609625
IVORY COAST,1998,597684
IVORY COAST,1997,585000
IVORY COAST,1996,705488
IVORY COAST,1995,691700
IVORY COAST,1994,678181
IVORY COAST,1993,676000
IVORY COAST,1992,660000
IVORY COAST,1991,657000
JAMAICA,2015,18
JAMAICA,2014,22
JAMAICA,2013,42
JAMAICA,2012,301
JAMAICA,2011,235
JAMAICA,2010,264
JAMAICA,2009,150
JAMAICA,2008,100
JAMAICA,2007,65
JAMAICA,2006,2
JAMAICA,2005,3
JAMAICA,2004,10
JAMAICA,2003,14
JAMAICA,2002,10
JAMAICA,2001,33
JAMAICA,2000,12
JAMAICA,1999,31
JAMAICA,1998,30
JAMAICA,1997,29
JAMAICA,1996,30
JAMAICA,1995,158
JAMAICA,1994,253
JAMAICA,1993,269
JAMAICA,1992,506
JAMAICA,1991,562
JAPAN,2015,9986000
JAPAN,2014,10549000
JAPAN,2013,10758000
JAPAN,2012,10654000
JAPAN,2011,10500000
JAPAN,2010,10604000
JAPAN,2009,10592000
JAPAN,2008,11028750
JAPAN,2007,10893000
JAPAN,2006,10695000
JAPAN,2005,11342000
JAPAN,2004,10912000
JAPAN,2003,9740000
JAPAN,2002,11111000
JAPAN,2001,11320000
JAPAN,2000,11863000
JAPAN,1999,11468800
JAPAN,1998,11200000
JAPAN,1997,12531000
JAPAN,1996,12930000
JAPAN,1995,13435000
JAPAN,1994,14976000
JAPAN,1993,9793000
JAPAN,1992,13216000
JAPAN,1991,12005000
KAZAKHSTAN,2015,422225
KAZAKHSTAN,2014,377041
KAZAKHSTAN,2013,344305
KAZAKHSTAN,2012,350831
KAZAKHSTAN,2011,346758
KAZAKHSTAN,2010,373150
KAZAKHSTAN,2009,306960
KAZAKHSTAN,2008,254710
KAZAKHSTAN,2007,294350
KAZAKHSTAN,2006,288780
KAZAKHSTAN,2005,284570
KAZAKHSTAN,2004,275849
KAZAKHSTAN,2003,273340
KAZAKHSTAN,2002,199089
KAZAKHSTAN,2001,198700
KAZAKHSTAN,2000,214300
KAZAKHSTAN,1999,199300
KAZAKHSTAN,1998,236070
KAZAKHSTAN,1997,255350
KAZAKHSTAN,1996,226240
KAZAKHSTAN,1995,184450
KAZAKHSTAN,1994,283000
KAZAKHSTAN,1993,403000
KAZAKHSTAN,1992,467000
KENYA,2015,116473
KENYA,2014,112263
KENYA,2013,125256
KENYA,2012,138204
KENYA,2011,111229
KENYA,2010,85536
KENYA,2009,42202
KENYA,2008,21881
KENYA,2007,47256
KENYA,2006,64840
KENYA,2005,62677
KENYA,2004,49295
KENYA,2003,40502
KENYA,2002,45000
KENYA,2001,45000
KENYA,2000,52349
KENYA,1999,52711
KENYA,1998,41829
KENYA,1997,41075
KENYA,1996,50620
KENYA,1995,44000
KENYA,1994,47000
KENYA,1993,47000
KENYA,1992,44203
KENYA,1991,50500
KYRGYZSTAN,2015,30208
KYRGYZSTAN,2014,28230
KYRGYZSTAN,2013,27220
KYRGYZSTAN,2012,23069
KYRGYZSTAN,2011,19432
KYRGYZSTAN,2010,20861
KYRGYZSTAN,2009,20710
KYRGYZSTAN,2008,17700
KYRGYZSTAN,2007,17269
KYRGYZSTAN,2006,18713
KYRGYZSTAN,2005,17067
KYRGYZSTAN,2004,18344
KYRGYZSTAN,2003,18342
KYRGYZSTAN,2002,20811
KYRGYZSTAN,2001,16557
KYRGYZSTAN,2000,18991
KYRGYZSTAN,1999,15066
KYRGYZSTAN,1998,11023
KYRGYZSTAN,1997,11700
KYRGYZSTAN,1996,9200
KYRGYZSTAN,1995,6700
KYRGYZSTAN,1994,3900
KYRGYZSTAN,1993,2400
KYRGYZSTAN,1992,2800
LAOS,2015,4102000
LAOS,2014,4002425
LAOS,2013,3414560
LAOS,2012,3489210
LAOS,2011,3065760
LAOS,2010,3070640
LAOS,2009,3144800
LAOS,2008,2969910
LAOS,2007,2710050
LAOS,2006,2663700
LAOS,2005,2568000
LAOS,2004,2529000
LAOS,2003,2375100
LAOS,2002,2416500
LAOS,2001,2334700
LAOS,2000,2201700
LAOS,1999,2102815
LAOS,1998,1674500
LAOS,1997,1660000
LAOS,1996,1413500
LAOS,1995,1417829
LAOS,1994,1577023
LAOS,1993,1250630
LAOS,1992,1502361
LAOS,1991,1223830
LIBERIA,2015,286000
LIBERIA,2014,237000
LIBERIA,2013,270000
LIBERIA,2012,291000
LIBERIA,2011,289603
LIBERIA,2010,296090
LIBERIA,2009,293000
LIBERIA,2008,295150
LIBERIA,2007,231800
LIBERIA,2006,164000
LIBERIA,2005,154800
LIBERIA,2004,110000
LIBERIA,2003,100000
LIBERIA,2002,110000
LIBERIA,2001,145000
LIBERIA,2000,183400
LIBERIA,1999,196300
LIBERIA,1998,209400
LIBERIA,1997,168400
LIBERIA,1996,94450
LIBERIA,1995,56200
LIBERIA,1994,50000
LIBERIA,1993,65000
LIBERIA,1992,110000
LIBERIA,1991,100000
MACEDONIA,2015,30527
MACEDONIA,2014,30500
MACEDONIA,2013,27921
MACEDONIA,2012,24361
MACEDONIA,2011,26964
MACEDONIA,2010,25700
MACEDONIA,2009,19870
MACEDONIA,2008,16140
MACEDONIA,2007,15355
MACEDONIA,2006,13949
MACEDONIA,2005,12570
MACEDONIA,2004,14676
MACEDONIA,2003,13042
MACEDONIA,2002,8860
MACEDONIA,2001,7900
MACEDONIA,2000,18433
MACEDONIA,1999,17430
MACEDONIA,1998,22663
MACEDONIA,1997,24600
MACEDONIA,1996,22274
MACEDONIA,1995,6447
MACEDONIA,1994,8713
MACEDONIA,1993,9433
MACEDONIA,1992,42698
MADAGASCAR,2015,3722304
MADAGASCAR,2014,3977863
MADAGASCAR,2013,3610626
MADAGASCAR,2012,4550649
MADAGASCAR,2011,4300185
MADAGASCAR,2010,4737965
MADAGASCAR,2009,4540435
MADAGASCAR,2008,3914175
MADAGASCAR,2007,3595755
MADAGASCAR,2006,3487930
MADAGASCAR,2005,3392459
MADAGASCAR,2004,3030000
MADAGASCAR,2003,2800000
MADAGASCAR,2002,2603965
MADAGASCAR,2001,2662465
MADAGASCAR,2000,2480470
MADAGASCAR,1999,2570000
MADAGASCAR,1998,2447000
MADAGASCAR,1997,2558000
MADAGASCAR,1996,2500000
MADAGASCAR,1995,2450000
MADAGASCAR,1994,2357000
MADAGASCAR,1993,2550000
MADAGASCAR,1992,2450000
MADAGASCAR,1991,2342200
MALAWI,2015,111437
MALAWI,2014,132002
MALAWI,2013,125156
MALAWI,2012,110964
MALAWI,2011,117733
MALAWI,2010,110106
MALAWI,2009,135988
MALAWI,2008,114885
MALAWI,2007,113166
MALAWI,2006,91450
MALAWI,2005,41270
MALAWI,2004,49722
MALAWI,2003,88184
MALAWI,2002,92027
MALAWI,2001,93150
MALAWI,2000,71601
MALAWI,1999,92833
MALAWI,1998,68679
MALAWI,1997,65690
MALAWI,1996,72629
MALAWI,1995,52077
MALAWI,1994,41128
MALAWI,1993,65357
MALAWI,1992,23798
MALAWI,1991,63175
MALAYSIA,2015,1756433
MALAYSIA,2014,1834831
MALAYSIA,2013,2603654
MALAYSIA,2012,2599382
MALAYSIA,2011,2575988
MALAYSIA,2010,2464830
MALAYSIA,2009,2511043
MALAYSIA,2008,2353000
MALAYSIA,2007,2375000
MALAYSIA,2006,2187000
MALAYSIA,2005,2314000
MALAYSIA,2004,2264000
MALAYSIA,2003,2257000
MALAYSIA,2002,2197351
MALAYSIA,2001,2094995
MALAYSIA,2000,2140800
MALAYSIA,1999,2036641
MALAYSIA,1998,1944240
MALAYSIA,1997,2119615
MALAYSIA,1996,2228489
MALAYSIA,1995,2127271
MALAYSIA,1994,2138788
MALAYSIA,1993,2104447
MALAYSIA,1992,2012732
MALAYSIA,1991,1926354
MALI,2015,2331053
MALI,2014,2166830
MALI,2013,1977669
MALI,2012,2076423
MALI,2011,1741472
MALI,2010,1296154
MALI,2009,1614408
MALI,2008,1624246
MALI,2007,1082384
MALI,2006,1053236
MALI,2005,945823
MALI,2004,718086
MALI,2003,938217
MALI,2002,693203
MALI,2001,940938
MALI,2000,742808
MALI,1999,727140
MALI,1998,717856
MALI,1997,575745
MALI,1996,627405
MALI,1995,476090
MALI,1994,469127
MALI,1993,427609
MALI,1992,410018
MALI,1991,454349
MAURITANIA,2015,329315
MAURITANIA,2014,293219
MAURITANIA,2013,202547
MAURITANIA,2012,184217
MAURITANIA,2011,158021
MAURITANIA,2010,134447
MAURITANIA,2009,53569
MAURITANIA,2008,82163
MAURITANIA,2007,82165
MAURITANIA,2006,70462
MAURITANIA,2005,72000
MAURITANIA,2004,85530
MAURITANIA,2003,79000
MAURITANIA,2002,77409
MAURITANIA,2001,58809
MAURITANIA,2000,76200
MAURITANIA,1999,86463
MAURITANIA,1998,101900
MAURITANIA,1997,80942
MAURITANIA,1996,66748
MAURITANIA,1995,52813
MAURITANIA,1994,45400
MAURITANIA,1993,64925
MAURITANIA,1992,50718
MAURITANIA,1991,41678
MAURITIUS,2015,657
MAURITIUS,2014,1186
MAURITIUS,2013,646
MAURITIUS,2012,831
MAURITIUS,2011,316
MAURITIUS,2010,163
MAURITIUS,2009,164
MAURITIUS,2008,85
MAURITIUS,1992,5
MAURITIUS,1991,10
MEXICO,2015,236018
MEXICO,2014,232159
MEXICO,2013,179776
MEXICO,2012,178787
MEXICO,2011,173461
MEXICO,2010,216676
MEXICO,2009,263028
MEXICO,2008,224371
MEXICO,2007,294697
MEXICO,2006,337250
MEXICO,2005,291149
MEXICO,2004,278500
MEXICO,2003,273300
MEXICO,2002,227194
MEXICO,2001,226639
MEXICO,2000,351447
MEXICO,1999,394434
MEXICO,1998,458112
MEXICO,1997,469455
MEXICO,1996,394075
MEXICO,1995,367030
MEXICO,1994,373616
MEXICO,1993,287180
MEXICO,1992,394022
MEXICO,1991,347245
MICRONESIA,2015,155
MICRONESIA,2014,153
MICRONESIA,2013,165
MICRONESIA,2012,160
MICRONESIA,2011,145
MICRONESIA,2010,137
MICRONESIA,2009,128
MICRONESIA,2008,120
MICRONESIA,2007,100
MICRONESIA,2006,109
MICRONESIA,2005,107
MICRONESIA,2004,106
MICRONESIA,2003,104
MICRONESIA,2002,102
MICRONESIA,2001,100
MICRONESIA,2000,99
MICRONESIA,1999,97
MICRONESIA,1998,95
MICRONESIA,1997,94
MICRONESIA,1996,92
MOROCCO,2015,63298
MOROCCO,2014,33051
MOROCCO,2013,37716
MOROCCO,2012,69554
MOROCCO,2011,17840
MOROCCO,2010,50520
MOROCCO,2009,50040
MOROCCO,2008,44520
MOROCCO,2007,33150
MOROCCO,2006,34000
MOROCCO,2005,42840
MOROCCO,2004,29500
MOROCCO,2003,16900
MOROCCO,2002,26530
MOROCCO,2001,39580
MOROCCO,2000,25200
MOROCCO,1999,34650
MOROCCO,1998,20020
MOROCCO,1997,32040
MOROCCO,1996,53360
MOROCCO,1995,3470
MOROCCO,1994,69550
MOROCCO,1993,53500
MOROCCO,1992,22100
MOROCCO,1991,24580
MOZAMBIQUE,2015,128197
MOZAMBIQUE,2014,155741
MOZAMBIQUE,2013,114012
MOZAMBIQUE,2012,203102
MOZAMBIQUE,2011,271402
MOZAMBIQUE,2010,257527
MOZAMBIQUE,2009,179000
MOZAMBIQUE,2008,88177
MOZAMBIQUE,2007,103007
MOZAMBIQUE,2006,97610
MOZAMBIQUE,2005,64634
MOZAMBIQUE,2004,91242
MOZAMBIQUE,2003,117491
MOZAMBIQUE,2002,93362
MOZAMBIQUE,2001,166945
MOZAMBIQUE,2000,180806
MOZAMBIQUE,1999,186087
MOZAMBIQUE,1998,191000
MOZAMBIQUE,1997,180218
MOZAMBIQUE,1996,139000
MOZAMBIQUE,1995,112982
MOZAMBIQUE,1994,101212
MOZAMBIQUE,1993,65615
MOZAMBIQUE,1992,32618
MOZAMBIQUE,1991,56341
MYANMAR,2015,26210318
MYANMAR,2014,26423300
MYANMAR,2013,26372100
MYANMAR,2012,26216600
MYANMAR,2011,28552100
MYANMAR,2010,32065100
MYANMAR,2009,32165800
MYANMAR,2008,32058500
MYANMAR,2007,30954000
MYANMAR,2006,30435000
MYANMAR,2005,27245800
MYANMAR,2004,24360900
MYANMAR,2003,22770200
MYANMAR,2002,21460700
MYANMAR,2001,21569200
MYANMAR,2000,20986900
MYANMAR,1999,20126038
MYANMAR,1998,16807800
MYANMAR,1997,16391200
MYANMAR,1996,17397000
MYANMAR,1995,17669600
MYANMAR,1994,17907700
MYANMAR,1993,16495000
MYANMAR,1992,14603000
MYANMAR,1991,12992900
NEPAL,2015,4788612
NEPAL,2014,5047047
NEPAL,2013,4504503
NEPAL,2012,5072248
NEPAL,2011,4460278
NEPAL,2010,4023823
NEPAL,2009,4523693
NEPAL,2008,4299264
NEPAL,2007,3680839
NEPAL,2006,4209279
NEPAL,2005,4289827
NEPAL,2004,4455722
NEPAL,2003,4132500
NEPAL,2002,4132600
NEPAL,2001,4164687
NEPAL,2000,4216465
NEPAL,1999,3834290
NEPAL,1998,3699770
NEPAL,1997,3640860
NEPAL,1996,3710650
NEPAL,1995,3578830
NEPAL,1994,2906180
NEPAL,1993,3495590
NEPAL,1992,2584900
NEPAL,1991,3222540
NICARAGUA,2015,376438
NICARAGUA,2014,369048
NICARAGUA,2013,371934
NICARAGUA,2012,418656
NICARAGUA,2011,413321
NICARAGUA,2010,453990
NICARAGUA,2009,334516
NICARAGUA,2008,285066
NICARAGUA,2007,269869
NICARAGUA,2006,319569
NICARAGUA,2005,316713
NICARAGUA,2004,258510
NICARAGUA,2003,297530
NICARAGUA,2002,293456
NICARAGUA,2001,246201
NICARAGUA,2000,289600
NICARAGUA,1999,205610
NICARAGUA,1998,290250
NICARAGUA,1997,256588
NICARAGUA,1996,230323
NICARAGUA,1995,232456
NICARAGUA,1994,189056
NICARAGUA,1993,201201
NICARAGUA,1992,154000
NICARAGUA,1991,131150
NIGER,2015,92831
NIGER,2014,89951
NIGER,2013,73679
NIGER,2012,65860
NIGER,2011,74133
NIGER,2010,72857
NIGER,2009,79207
NIGER,2008,61025
NIGER,2007,60158
NIGER,2006,60360
NIGER,2005,56221
NIGER,2004,72367
NIGER,2003,58080
NIGER,2002,75467
NIGER,2001,76400
NIGER,2000,60453
NIGER,1999,61989
NIGER,1998,58200
NIGER,1997,83200
NIGER,1996,51200
NIGER,1995,51000
NIGER,1994,62000
NIGER,1993,78700
NIGER,1992,47600
NIGER,1991,74695
NIGERIA,2015,6256228
NIGERIA,2014,6002831
NIGERIA,2013,4823330
NIGERIA,2012,5432930
NIGERIA,2011,4612614
NIGERIA,2010,4472520
NIGERIA,2009,3546250
NIGERIA,2008,4179000
NIGERIA,2007,3186000
NIGERIA,2006,4042000
NIGERIA,2005,3567000
NIGERIA,2004,3334000
NIGERIA,2003,3116000
NIGERIA,2002,2928000
NIGERIA,2001,2752000
NIGERIA,2000,3298000
NIGERIA,1999,3277000
NIGERIA,1998,3275000
NIGERIA,1997,3268000
NIGERIA,1996,3122000
NIGERIA,1995,2920000
NIGERIA,1994,2427000
NIGERIA,1993,3065000
NIGERIA,1992,3260000
NIGERIA,1991,3226000
NORTH KOREA,2015,2948200
NORTH KOREA,2014,2626000
NORTH KOREA,2013,2901000
NORTH KOREA,2012,2861000
NORTH KOREA,2011,2479000
NORTH KOREA,2010,2426000
NORTH KOREA,2009,2336000
NORTH KOREA,2008,2862000
NORTH KOREA,2007,1869500
NORTH KOREA,2006,2478500
NORTH KOREA,2005,2583400
NORTH KOREA,2004,2370000
NORTH KOREA,2003,2244000
NORTH KOREA,2002,2186000
NORTH KOREA,2001,2060200
NORTH KOREA,2000,1690000
NORTH KOREA,1999,2343000
NORTH KOREA,1998,2307000
NORTH KOREA,1997,1527000
NORTH KOREA,1996,1426000
NORTH KOREA,1995,2016000
NORTH KOREA,1994,3177000
NORTH KOREA,1993,4787000
NORTH KOREA,1992,4500000
NORTH KOREA,1991,4120000
PAKISTAN,2015,10201840
PAKISTAN,2014,10504200
PAKISTAN,2013,10467150
PAKISTAN,2012,8303850
PAKISTAN,2011,9240600
PAKISTAN,2010,7234950
PAKISTAN,2009,10324050
PAKISTAN,2008,10428000
PAKISTAN,2007,8345100
PAKISTAN,2006,8157600
PAKISTAN,2005,8320800
PAKISTAN,2004,7537200
PAKISTAN,2003,7271400
PAKISTAN,2002,6717750
PAKISTAN,2001,5823000
PAKISTAN,2000,7203900
PAKISTAN,1999,7733417
PAKISTAN,1998,7011400
PAKISTAN,1997,6499500
PAKISTAN,1996,6457200
PAKISTAN,1995,5949750
PAKISTAN,1994,5169750
PAKISTAN,1993,5992050
PAKISTAN,1992,4674150
PAKISTAN,1991,4864650
PANAMA,2015,281980
PANAMA,2014,255136
PANAMA,2013,287396
PANAMA,2012,248205
PANAMA,2011,291120
PANAMA,2010,275025
PANAMA,2009,299503
PANAMA,2008,314118
PANAMA,2007,293039
PANAMA,2006,289238
PANAMA,2005,289197
PANAMA,2004,283486
PANAMA,2003,402461
PANAMA,2002,355396
PANAMA,2001,338168
PANAMA,2000,253557
PANAMA,1999,224341
PANAMA,1998,232375
PANAMA,1997,153485
PANAMA,1996,230560
PANAMA,1995,221779
PANAMA,1994,223865
PANAMA,1993,210003
PANAMA,1992,198541
PANAMA,1991,197026
PAPUA NEW GUINEA,2015,843
PAPUA NEW GUINEA,2014,838
PAPUA NEW GUINEA,2013,833
PAPUA NEW GUINEA,2012,828
PAPUA NEW GUINEA,2011,823
PAPUA NEW GUINEA,2010,822
PAPUA NEW GUINEA,2009,803
PAPUA NEW GUINEA,2008,800
PAPUA NEW GUINEA,2007,800
PAPUA NEW GUINEA,2006,800
PAPUA NEW GUINEA,2005,800
PAPUA NEW GUINEA,2004,800
PAPUA NEW GUINEA,2003,800
PAPUA NEW GUINEA,2002,800
PAPUA NEW GUINEA,2001,800
PAPUA NEW GUINEA,2000,700
PAPUA NEW GUINEA,1999,650
PAPUA NEW GUINEA,1998,600
PAPUA NEW GUINEA,1997,600
PAPUA NEW GUINEA,1996,650
PAPUA NEW GUINEA,1995,650
PAPUA NEW GUINEA,1994,650
PAPUA NEW GUINEA,1993,630
PAPUA NEW GUINEA,1992,620
PAPUA NEW GUINEA,1991,620
PARAGUAY,2015,857771
PARAGUAY,2014,804000
PARAGUAY,2013,617400
PARAGUAY,2012,396000
PARAGUAY,2011,408246
PARAGUAY,2010,315213
PARAGUAY,2009,215000
PARAGUAY,2008,144692
PARAGUAY,2007,130000
PARAGUAY,2006,126000
PARAGUAY,2005,102000
PARAGUAY,2004,125000
PARAGUAY,2003,110250
PARAGUAY,2002,104973
PARAGUAY,2001,106179
PARAGUAY,2000,101049
PARAGUAY,1999,128093
PARAGUAY,1998,80921
PARAGUAY,1997,81465
PARAGUAY,1996,76282
PARAGUAY,1995,80146
PARAGUAY,1994,72146
PARAGUAY,1993,68358
PARAGUAY,1992,44180
PARAGUAY,1991,33917
PERU,2015,3151408
PERU,2014,2896613
PERU,2013,3050934
PERU,2012,3043330
PERU,2011,2624458
PERU,2010,2831374
PERU,2009,2991157
PERU,2008,2775800
PERU,2007,2256000
PERU,2006,2362260
PERU,2005,2468357
PERU,2004,1844896
PERU,2003,2132405
PERU,2002,2118679
PERU,2001,2026970
PERU,2000,1892100
PERU,1999,1955027
PERU,1998,1548780
PERU,1997,1459830
PERU,1996,1203168
PERU,1995,1141550
PERU,1994,1401393
PERU,1993,967627
PERU,1992,829373
PERU,1991,814168
PHILIPPINES,2015,18149838
PHILIPPINES,2014,18967826
PHILIPPINES,2013,18439420
PHILIPPINES,2012,18032525
PHILIPPINES,2011,16684062
PHILIPPINES,2010,15772319
PHILIPPINES,2009,16266417
PHILIPPINES,2008,16815548
PHILIPPINES,2007,16240194
PHILIPPINES,2006,15326706
PHILIPPINES,2005,14603005
PHILIPPINES,2004,14496784
PHILIPPINES,2003,13499884
PHILIPPINES,2002,13270653
PHILIPPINES,2001,12954870
PHILIPPINES,2000,12389412
PHILIPPINES,1999,11786625
PHILIPPINES,1998,8554824
PHILIPPINES,1997,11268963
PHILIPPINES,1996,11283568
PHILIPPINES,1995,10540649
PHILIPPINES,1994,10538054
PHILIPPINES,1993,9434208
PHILIPPINES,1992,9128940
PHILIPPINES,1991,9673262
PORTUGAL,2015,184918
PORTUGAL,2014,167322
PORTUGAL,2013,180155
PORTUGAL,2012,187028
PORTUGAL,2011,185016
PORTUGAL,2010,170216
PORTUGAL,2009,161761
PORTUGAL,2008,150680
PORTUGAL,2007,156203
PORTUGAL,2006,148673
PORTUGAL,2005,125947
PORTUGAL,2004,155799
PORTUGAL,2003,147802
PORTUGAL,2002,145905
PORTUGAL,2001,145932
PORTUGAL,2000,142611
PORTUGAL,1999,151650
PORTUGAL,1998,161774
PORTUGAL,1997,164189
PORTUGAL,1996,172230
PORTUGAL,1995,124554
PORTUGAL,1994,131741
PORTUGAL,1993,69000
PORTUGAL,1992,109704
PORTUGAL,1991,170477
PUERTO RICO,2015,293
PUERTO RICO,2014,49
PUERTO RICO,2013,43
PUERTO RICO,2012,38
PUERTO RICO,2011,34
PUERTO RICO,2010,30
PUERTO RICO,2009,26
PUERTO RICO,2008,24
PUERTO RICO,2004,16
PUERTO RICO,2003,15
PUERTO RICO,2002,13
PUERTO RICO,2001,11
PUERTO RICO,2000,9
PUERTO RICO,1999,8
PUERTO RICO,1998,6
REUNION,2015,272
REUNION,2014,265
REUNION,2013,260
REUNION,2012,260
REUNION,2011,243
REUNION,2010,233
REUNION,2009,222
REUNION,2008,210
REUNION,2007,198
REUNION,2006,186
REUNION,2005,173
REUNION,2004,161
REUNION,2003,148
REUNION,2002,135
REUNION,2001,124
REUNION,2000,113
REUNION,1999,109
REUNION,1998,103
REUNION,1997,97
REUNION,1996,93
REUNION,1995,87
REUNION,1994,83
REUNION,1993,80
REUNION,1992,80
REUNION,1991,79
ROMANIA,2015,49773
ROMANIA,2014,45159
ROMANIA,2013,54646
ROMANIA,2012,50862
ROMANIA,2011,65261
ROMANIA,2010,61588
ROMANIA,2009,72418
ROMANIA,2008,48917
ROMANIA,2007,27518
ROMANIA,2006,18420
ROMANIA,2005,14251
ROMANIA,2004,4963
ROMANIA,2003,253
ROMANIA,2002,597
ROMANIA,2001,1459
ROMANIA,2000,3551
ROMANIA,1999,3813
ROMANIA,1998,5142
ROMANIA,1997,10669
ROMANIA,1996,23100
ROMANIA,1995,24066
ROMANIA,1994,15229
ROMANIA,1993,36448
ROMANIA,1992,38920
ROMANIA,1991,31449
RUSSIA,2015,1109762
RUSSIA,2014,1048566
RUSSIA,2013,934943
RUSSIA,2012,1051891
RUSSIA,2011,1055574
RUSSIA,2010,1060658
RUSSIA,2009,912969
RUSSIA,2008,738300
RUSSIA,2007,704544
RUSSIA,2006,680610
RUSSIA,2005,570816
RUSSIA,2004,469802
RUSSIA,2003,448116
RUSSIA,2002,488133
RUSSIA,2001,495536
RUSSIA,2000,584312
RUSSIA,1999,443394
RUSSIA,1998,412166
RUSSIA,1997,328072
RUSSIA,1996,388976
RUSSIA,1995,461920
RUSSIA,1994,523232
RUSSIA,1993,687523
RUSSIA,1992,753630
RWANDA,2015,97435
RWANDA,2014,72723
RWANDA,2013,93746
RWANDA,2012,84079
RWANDA,2011,80541
RWANDA,2010,67253
RWANDA,2009,81081
RWANDA,2008,82000
RWANDA,2007,62000
RWANDA,2006,62932
RWANDA,2005,62194
RWANDA,2004,46191
RWANDA,2003,27891
RWANDA,2002,20976
RWANDA,2001,15610
RWANDA,2000,11654
RWANDA,1999,8919
RWANDA,1998,7935
RWANDA,1997,9805
RWANDA,1996,6596
RWANDA,1995,2300
RWANDA,1994,4500
RWANDA,1993,13200
RWANDA,1992,16100
RWANDA,1991,16400
SENEGAL,2015,906348
SENEGAL,2014,559021
SENEGAL,2013,436153
SENEGAL,2012,469649
SENEGAL,2011,405824
SENEGAL,2010,604043
SENEGAL,2009,502104
SENEGAL,2008,408219
SENEGAL,2007,193379
SENEGAL,2006,190493
SENEGAL,2005,279080
SENEGAL,2004,201744
SENEGAL,2003,231805
SENEGAL,2002,172395
SENEGAL,2001,206989
SENEGAL,2000,202293
SENEGAL,1999,364000
SENEGAL,1998,123519
SENEGAL,1997,173702
SENEGAL,1996,148780
SENEGAL,1995,155152
SENEGAL,1994,162228
SENEGAL,1993,193374
SENEGAL,1992,177346
SENEGAL,1991,169800
SIERRA LEONE,2015,871693
SIERRA LEONE,2014,1204020
SIERRA LEONE,2013,1255559
SIERRA LEONE,2012,1141417
SIERRA LEONE,2011,1129338
SIERRA LEONE,2010,1026671
SIERRA LEONE,2009,888417
SIERRA LEONE,2008,680097
SIERRA LEONE,2007,588004
SIERRA LEONE,2006,1062320
SIERRA LEONE,2005,738000
SIERRA LEONE,2004,542000
SIERRA LEONE,2003,445633
SIERRA LEONE,2002,422066
SIERRA LEONE,2001,300000
SIERRA LEONE,2000,199134
SIERRA LEONE,1999,247235
SIERRA LEONE,1998,328310
SIERRA LEONE,1997,411300
SIERRA LEONE,1996,391700
SIERRA LEONE,1995,355500
SIERRA LEONE,1994,405200
SIERRA LEONE,1993,486300
SIERRA LEONE,1992,478515
SIERRA LEONE,1991,503700
SOLOMON ISLANDS,2015,2772
SOLOMON ISLANDS,2014,2764
SOLOMON ISLANDS,2013,2757
SOLOMON ISLANDS,2012,2749
SOLOMON ISLANDS,2011,2777
SOLOMON ISLANDS,2010,2614
SOLOMON ISLANDS,2009,2500
SOLOMON ISLANDS,2008,2800
SOLOMON ISLANDS,2007,2800
SOLOMON ISLANDS,2006,3250
SOLOMON ISLANDS,2005,3000
SOLOMON ISLANDS,2004,2500
SOLOMON ISLANDS,2003,1947
SOLOMON ISLANDS,2002,2267
SOLOMON ISLANDS,2001,2083
SOLOMON ISLANDS,2000,4524
SOLOMON ISLANDS,1999,3240
SOLOMON ISLANDS,1998,1300
SOLOMON ISLANDS,1997,1918
SOLOMON ISLANDS,1996,2571
SOLOMON ISLANDS,1995,2621
SOLOMON ISLANDS,1994,2613
SOLOMON ISLANDS,1993,2606
SOLOMON ISLANDS,1992,2599
SOLOMON ISLANDS,1991,2591
SOMALIA,2015,2450
SOMALIA,2014,600
SOMALIA,2013,1970
SOMALIA,2012,5356
SOMALIA,2011,4270
SOMALIA,2010,8580
SOMALIA,2009,5200
SOMALIA,2008,10199
SOMALIA,2007,16000
SOMALIA,2006,15011
SOMALIA,2005,15117
SOMALIA,2004,18000
SOMALIA,2003,12000
SOMALIA,2002,12000
SOMALIA,2001,4000
SOMALIA,2000,2000
SOMALIA,1999,2000
SOMALIA,1998,2000
SOMALIA,1997,2879
SOMALIA,1996,3005
SOMALIA,1995,2000
SOMALIA,1994,1650
SOMALIA,1993,5000
SOMALIA,1992,15000
SOMALIA,1991,10000
SOUTH AFRICA,2015,3064
SOUTH AFRICA,2014,3056
SOUTH AFRICA,2013,3000
SOUTH AFRICA,2012,3000
SOUTH AFRICA,2011,3067
SOUTH AFRICA,2010,3063
SOUTH AFRICA,2009,3066
SOUTH AFRICA,2008,3000
SOUTH AFRICA,2007,3300
SOUTH AFRICA,2006,3117
SOUTH AFRICA,2005,3119
SOUTH AFRICA,2004,3123
SOUTH AFRICA,2003,3200
SOUTH AFRICA,2002,3000
SOUTH AFRICA,2001,3200
SOUTH AFRICA,2000,3000
SOUTH AFRICA,1999,2900
SOUTH AFRICA,1998,3030
SOUTH AFRICA,1997,3059
SOUTH AFRICA,1996,3057
SOUTH AFRICA,1995,3056
SOUTH AFRICA,1994,3055
SOUTH AFRICA,1993,3054
SOUTH AFRICA,1992,3053
SOUTH AFRICA,1991,3052
SOUTH KOREA,2015,5771026
SOUTH KOREA,2014,5637682
SOUTH KOREA,2013,5631689
SOUTH KOREA,2012,5405155
SOUTH KOREA,2011,5615916
SOUTH KOREA,2010,5810817
SOUTH KOREA,2009,6502249
SOUTH KOREA,2008,6468281
SOUTH KOREA,2007,5961493
SOUTH KOREA,2006,6305492
SOUTH KOREA,2005,6434972
SOUTH KOREA,2004,6736925
SOUTH KOREA,2003,6151202
SOUTH KOREA,2002,6687225
SOUTH KOREA,2001,7406517
SOUTH KOREA,2000,7196582
SOUTH KOREA,1999,7065900
SOUTH KOREA,1998,6790125
SOUTH KOREA,1997,7314885
SOUTH KOREA,1996,7122866
SOUTH KOREA,1995,6388773
SOUTH KOREA,1994,6826167
SOUTH KOREA,1993,6403875
SOUTH KOREA,1992,7256894
SOUTH KOREA,1991,7292534
SPAIN,2015,847026
SPAIN,2014,861103
SPAIN,2013,872500
SPAIN,2012,899602
SPAIN,2011,927554
SPAIN,2010,927817
SPAIN,2009,913754
SPAIN,2008,665200
SPAIN,2007,723426
SPAIN,2006,724351
SPAIN,2005,824114
SPAIN,2004,883131
SPAIN,2003,855000
SPAIN,2002,818920
SPAIN,2001,876148
SPAIN,2000,827051
SPAIN,1999,845100
SPAIN,1998,796300
SPAIN,1997,775588
SPAIN,1996,734000
SPAIN,1995,329500
SPAIN,1994,407600
SPAIN,1993,323093
SPAIN,1992,552600
SPAIN,1991,581836
SRI LANKA,2015,3918955
SRI LANKA,2014,3381000
SRI LANKA,2013,4621000
SRI LANKA,2012,3845941
SRI LANKA,2011,3894890
SRI LANKA,2010,4300620
SRI LANKA,2009,3651670
SRI LANKA,2008,3875000
SRI LANKA,2007,3131000
SRI LANKA,2006,3342000
SRI LANKA,2005,3246000
SRI LANKA,2004,2628000
SRI LANKA,2003,3071200
SRI LANKA,2002,2859480
SRI LANKA,2001,2695080
SRI LANKA,2000,2859900
SRI LANKA,1999,2857100
SRI LANKA,1998,2692340
SRI LANKA,1997,2239370
SRI LANKA,1996,2061520
SRI LANKA,1995,2809890
SRI LANKA,1994,2683690
SRI LANKA,1993,2570000
SRI LANKA,1992,2339700
SRI LANKA,1991,2389000
SUDAN,2015,32000
SUDAN,2014,16900
SUDAN,2013,25000
SUDAN,2012,24000
SUDAN,2011,25000
SUDAN,2010,23350
SUDAN,2009,22500
SUDAN,2008,30000
SUDAN,2007,23000
SUDAN,2006,26000
SUDAN,2005,20000
SUDAN,2004,36000
SUDAN,2003,15748
SUDAN,2002,8000
SUDAN,2001,11000
SUDAN,2000,8000
SUDAN,1999,11000
SUDAN,1998,2000
SUDAN,1997,2000
SUDAN,1996,2000
SUDAN,1995,1200
SUDAN,1994,1650
SUDAN,1993,1500
SUDAN,1992,1200
SUDAN,1991,1100
SURINAME,2015,268447
SURINAME,2014,275851
SURINAME,2013,262029
SURINAME,2012,224127
SURINAME,2011,235298
SURINAME,2010,226686
SURINAME,2009,229370
SURINAME,2008,182877
SURINAME,2007,179012
SURINAME,2006,182659
SURINAME,2005,163955
SURINAME,2004,174490
SURINAME,2003,193685
SURINAME,2002,157105
SURINAME,2001,191315
SURINAME,2000,163655
SURINAME,1999,180295
SURINAME,1998,188410
SURINAME,1997,213055
SURINAME,1996,228650
SURINAME,1995,216005
SURINAME,1994,217985
SURINAME,1993,216890
SURINAME,1992,261080
SURINAME,1991,229260
SWAZILAND,2015,115
SWAZILAND,2014,115
SWAZILAND,2013,115
SWAZILAND,2012,115
SWAZILAND,2011,115
SWAZILAND,2010,115
SWAZILAND,2009,115
SWAZILAND,2008,115
SWAZILAND,2007,115
SWAZILAND,2006,115
SWAZILAND,2005,115
SWAZILAND,2004,115
SWAZILAND,2003,115
SWAZILAND,2002,53
SWAZILAND,2001,76
SWAZILAND,2000,170
SWAZILAND,1999,100
SWAZILAND,1998,105
SWAZILAND,1997,411
SWAZILAND,1996,265
SWAZILAND,1995,1000
SWAZILAND,1994,917
SWAZILAND,1993,1000
SWAZILAND,1992,1839
SWAZILAND,1991,3000
SYRIA,1996,100
SYRIA,1995,175
SYRIA,1994,173
SYRIA,1993,152
SYRIA,1992,141
SYRIA,1991,126
TAIWAN,2015,1581732
TAIWAN,2014,1732210
TAIWAN,2013,1589504
TAIWAN,2012,1700229
TAIWAN,2011,1666273
TAIWAN,2010,1451011
TAIWAN,2009,1578169
TAIWAN,2008,1457175
TAIWAN,2007,1363460
TAIWAN,2006,1558048
TAIWAN,2005,1467138
TAIWAN,2004,1433611
TAIWAN,2003,1648280
TAIWAN,2002,1803187
TAIWAN,2001,1723895
TAIWAN,2000,1906060
TAIWAN,1999,1916300
TAIWAN,1998,1859157
TAIWAN,1997,2041843
TAIWAN,1996,1930897
TAIWAN,1995,2071968
TAIWAN,1994,2061403
TAIWAN,1993,2232933
TAIWAN,1992,2069880
TAIWAN,1991,2311638
TAJIKISTAN,2015,85807
TAJIKISTAN,2014,79933
TAJIKISTAN,2013,78039
TAJIKISTAN,2012,82378
TAJIKISTAN,2011,76875
TAJIKISTAN,2010,76854
TAJIKISTAN,2009,63416
TAJIKISTAN,2008,53989
TAJIKISTAN,2007,52109
TAJIKISTAN,2006,48536
TAJIKISTAN,2005,62404
TAJIKISTAN,2004,51445
TAJIKISTAN,2003,59415
TAJIKISTAN,2002,50200
TAJIKISTAN,2001,39776
TAJIKISTAN,2000,81978
TAJIKISTAN,1999,47326
TAJIKISTAN,1998,40289
TAJIKISTAN,1997,44161
TAJIKISTAN,1996,20722
TAJIKISTAN,1995,21600
TAJIKISTAN,1994,20000
TAJIKISTAN,1993,22700
TAJIKISTAN,1992,20184
TANZANIA,2015,2979860
TANZANIA,2014,2621034
TANZANIA,2013,2194750
TANZANIA,2012,1800551
TANZANIA,2011,2248320
TANZANIA,2010,2650120
TANZANIA,2009,1334800
TANZANIA,2008,1420570
TANZANIA,2007,1341846
TANZANIA,2006,1206154
TANZANIA,2005,1167692
TANZANIA,2004,1058462
TANZANIA,2003,1096923
TANZANIA,2002,984615
TANZANIA,2001,867692
TANZANIA,2000,781538
TANZANIA,1999,728600
TANZANIA,1998,849100
TANZANIA,1997,549700
TANZANIA,1996,806800
TANZANIA,1995,622600
TANZANIA,1994,614300
TANZANIA,1993,641000
TANZANIA,1992,392220
TANZANIA,1991,624615
THAILAND,2015,27702191
THAILAND,2014,32620160
THAILAND,2013,36762277
THAILAND,2012,38100189
THAILAND,2011,38102720
THAILAND,2010,35702946
THAILAND,2009,32397856
THAILAND,2008,32022992
THAILAND,2007,32477032
THAILAND,2006,29990602
THAILAND,2005,30648248
THAILAND,2004,28873975
THAILAND,2003,29820271
THAILAND,2002,28321137
THAILAND,2001,29099915
THAILAND,2000,25843878
THAILAND,1999,24171412
THAILAND,1998,22998414
THAILAND,1997,23580080
THAILAND,1996,22331638
THAILAND,1995,22015481
THAILAND,1994,21110714
THAILAND,1993,18447260
THAILAND,1992,19917299
THAILAND,1991,20400000
TIMOR-LESTE,2015,71541
TIMOR-LESTE,2014,88824
TIMOR-LESTE,2013,87332
TIMOR-LESTE,2012,119166
TIMOR-LESTE,2011,98297
TIMOR-LESTE,2010,112925
TIMOR-LESTE,2009,120775
TIMOR-LESTE,2008,80257
TIMOR-LESTE,2007,60420
TIMOR-LESTE,2006,55410
TIMOR-LESTE,2005,58887
TIMOR-LESTE,2004,34994
TIMOR-LESTE,2003,65433
TIMOR-LESTE,2002,53656
TIMOR-LESTE,2001,53845
TIMOR-LESTE,2000,51000
TIMOR-LESTE,1999,33585
TIMOR-LESTE,1998,36848
TIMOR-LESTE,1997,37968
TIMOR-LESTE,1996,52607
TIMOR-LESTE,1995,46696
TIMOR-LESTE,1994,41461
TIMOR-LESTE,1993,51766
TIMOR-LESTE,1992,52657
TIMOR-LESTE,1991,66890
TOGO,2015,140952
TOGO,2014,147930
TOGO,2013,260418
TOGO,2012,160939
TOGO,2011,112233
TOGO,2010,110109
TOGO,2009,121295
TOGO,2008,85540
TOGO,2007,74843
TOGO,2006,76284
TOGO,2005,72858
TOGO,2004,68515
TOGO,2003,62048
TOGO,2002,69242
TOGO,2001,62048
TOGO,2000,62306
TOGO,1999,81061
TOGO,1998,86663
TOGO,1997,86211
TOGO,1996,76515
TOGO,1995,51226
TOGO,1994,50080
TOGO,1993,33769
TOGO,1992,25265
TOGO,1991,39789
TRINIDAD AND TOBAGO,2015,1900
TRINIDAD AND TOBAGO,2014,2912
TRINIDAD AND TOBAGO,2013,2859
TRINIDAD AND TOBAGO,2012,2122
TRINIDAD AND TOBAGO,2011,2663
TRINIDAD AND TOBAGO,2010,2259
TRINIDAD AND TOBAGO,2009,2226
TRINIDAD AND TOBAGO,2008,2677
TRINIDAD AND TOBAGO,2007,2413
TRINIDAD AND TOBAGO,2006,1555
TRINIDAD AND TOBAGO,2005,2082
TRINIDAD AND TOBAGO,2004,1720
TRINIDAD AND TOBAGO,2003,1720
TRINIDAD AND TOBAGO,2002,3882
TRINIDAD AND TOBAGO,2001,3262
TRINIDAD AND TOBAGO,2000,6256
TRINIDAD AND TOBAGO,1999,3110
TRINIDAD AND TOBAGO,1998,7037
TRINIDAD AND TOBAGO,1997,6796
TRINIDAD AND TOBAGO,1996,17858
TRINIDAD AND TOBAGO,1995,10193
TRINIDAD AND TOBAGO,1994,17514
TRINIDAD AND TOBAGO,1993,16204
TRINIDAD AND TOBAGO,1992,22022
TRINIDAD AND TOBAGO,1991,16000
TURKEY,2015,920000
TURKEY,2014,830000
TURKEY,2013,900000
TURKEY,2012,880000
TURKEY,2011,900000
TURKEY,2010,860000
TURKEY,2009,750000
TURKEY,2008,753325
TURKEY,2007,648000
TURKEY,2006,696000
TURKEY,2005,600000
TURKEY,2004,490000
TURKEY,2003,372000
TURKEY,2002,360000
TURKEY,2001,360000
TURKEY,2000,350000
TURKEY,1999,340000
TURKEY,1998,315000
TURKEY,1997,275000
TURKEY,1996,280000
TURKEY,1995,250000
TURKEY,1994,200000
TURKEY,1993,225000
TURKEY,1992,215000
TURKEY,1991,200000
TURKMENISTAN,2015,130000
TURKMENISTAN,2014,130000
TURKMENISTAN,2013,132000
TURKMENISTAN,2012,129000
TURKMENISTAN,2011,22650
TURKMENISTAN,2010,30600
TURKMENISTAN,2009,29760
TURKMENISTAN,2008,30690
TURKMENISTAN,2007,28730
TURKMENISTAN,2006,135000
TURKMENISTAN,2005,120000
TURKMENISTAN,2004,110000
TURKMENISTAN,2003,109500
TURKMENISTAN,2002,80000
TURKMENISTAN,2001,39000
TURKMENISTAN,2000,27300
TURKMENISTAN,1999,33300
TURKMENISTAN,1998,13700
TURKMENISTAN,1997,26900
TURKMENISTAN,1996,40800
TURKMENISTAN,1995,78600
TURKMENISTAN,1994,92000
TURKMENISTAN,1993,87800
TURKMENISTAN,1992,63823
UGANDA,2015,237008
UGANDA,2014,237000
UGANDA,2013,214000
UGANDA,2012,212000
UGANDA,2011,233000
UGANDA,2010,218111
UGANDA,2009,205765
UGANDA,2008,177857
UGANDA,2007,162000
UGANDA,2006,154000
UGANDA,2005,153000
UGANDA,2004,121000
UGANDA,2003,132000
UGANDA,2002,120000
UGANDA,2001,114000
UGANDA,2000,109000
UGANDA,1999,95000
UGANDA,1998,90000
UGANDA,1997,80000
UGANDA,1996,82000
UGANDA,1995,77000
UGANDA,1994,77000
UGANDA,1993,74000
UGANDA,1992,68000
UGANDA,1991,61000
UKRAINE,2015,62510
UKRAINE,2014,50880
UKRAINE,2013,145050
UKRAINE,2012,159800
UKRAINE,2011,169900
UKRAINE,2010,148000
UKRAINE,2009,142900
UKRAINE,2008,100700
UKRAINE,2007,108000
UKRAINE,2006,99500
UKRAINE,2005,93000
UKRAINE,2004,80400
UKRAINE,2003,84000
UKRAINE,2002,75400
UKRAINE,2001,68900
UKRAINE,2000,89700
UKRAINE,1999,63600
UKRAINE,1998,63600
UKRAINE,1997,65000
UKRAINE,1996,82046
UKRAINE,1995,80100
UKRAINE,1994,79000
UKRAINE,1993,68000
UKRAINE,1992,91762
UNITED STATES,2015,8724530
UNITED STATES,2014,10079500
UNITED STATES,2013,8616120
UNITED STATES,2012,9069080
UNITED STATES,2011,8388780
UNITED STATES,2010,11027010
UNITED STATES,2009,9972230
UNITED STATES,2008,9241170
UNITED STATES,2007,8998730
UNITED STATES,2006,8826230
UNITED STATES,2005,10107540
UNITED STATES,2004,10539760
UNITED STATES,2003,9067180
UNITED STATES,2002,9568990
UNITED STATES,2001,9764480
UNITED STATES,2000,8657810
UNITED STATES,1999,9345230
UNITED STATES,1998,8366190
UNITED STATES,1997,8300380
UNITED STATES,1996,7783600
UNITED STATES,1995,7886660
UNITED STATES,1994,8971110
UNITED STATES,1993,7081030
UNITED STATES,1992,8149150
UNITED STATES,1991,7228770
URUGUAY,2015,1304000
URUGUAY,2014,1348300
URUGUAY,2013,1359500
URUGUAY,2012,1424000
URUGUAY,2011,1643000
URUGUAY,2010,1148738
URUGUAY,2009,1287200
URUGUAY,2008,1330000
URUGUAY,2007,1145700
URUGUAY,2006,1292400
URUGUAY,2005,1214500
URUGUAY,2004,1262600
URUGUAY,2003,905700
URUGUAY,2002,939489
URUGUAY,2001,1030198
URUGUAY,2000,1209139
URUGUAY,1999,1328222
URUGUAY,1998,864158
URUGUAY,1997,1023800
URUGUAY,1996,973500
URUGUAY,1995,806100
URUGUAY,1994,659700
URUGUAY,1993,701800
URUGUAY,1992,605400
URUGUAY,1991,492600
USSR,1991,1986200
UZBEKISTAN,2015,425745
UZBEKISTAN,2014,356097
UZBEKISTAN,2013,340219
UZBEKISTAN,2012,325718
UZBEKISTAN,2011,119758
UZBEKISTAN,2010,249800
UZBEKISTAN,2009,194700
UZBEKISTAN,2008,113700
UZBEKISTAN,2007,197800
UZBEKISTAN,2006,224000
UZBEKISTAN,2005,171700
UZBEKISTAN,2004,188100
UZBEKISTAN,2003,350800
UZBEKISTAN,2002,185600
UZBEKISTAN,2001,90000
UZBEKISTAN,2000,173300
UZBEKISTAN,1999,442900
UZBEKISTAN,1998,373300
UZBEKISTAN,1997,416700
UZBEKISTAN,1996,356500
UZBEKISTAN,1995,327600
UZBEKISTAN,1994,528400
UZBEKISTAN,1993,581700
UZBEKISTAN,1992,583000
VENEZUELA,2015,802015
VENEZUELA,2014,1158056
VENEZUELA,2013,1084012
VENEZUELA,2012,1045878
VENEZUELA,2011,1018258
VENEZUELA,2010,899584
VENEZUELA,2009,1100511
VENEZUELA,2008,1092268
VENEZUELA,2007,1054857
VENEZUELA,2006,1122870
VENEZUELA,2005,1004518
VENEZUELA,2004,974091
VENEZUELA,2003,678890
VENEZUELA,2002,668164
VENEZUELA,2001,761064
VENEZUELA,2000,676775
VENEZUELA,1999,720193
VENEZUELA,1998,701168
VENEZUELA,1997,792239
VENEZUELA,1996,779906
VENEZUELA,1995,756950
VENEZUELA,1994,728054
VENEZUELA,1993,723406
VENEZUELA,1992,622620
VENEZUELA,1991,610508
VIETNAM,2015,45105021
VIETNAM,2014,44974206
VIETNAM,2013,44039100
VIETNAM,2012,43737598
VIETNAM,2011,42398344
VIETNAM,2010,40005600
VIETNAM,2009,38950200
VIETNAM,2008,38729800
VIETNAM,2007,35942700
VIETNAM,2006,35849500
VIETNAM,2005,35832900
VIETNAM,2004,36148900
VIETNAM,2003,34568800
VIETNAM,2002,34447200
VIETNAM,2001,32108400
VIETNAM,2000,32529500
VIETNAM,1999,31393800
VIETNAM,1998,29408143
VIETNAM,1997,27523900
VIETNAM,1996,26396700
VIETNAM,1995,24963700
VIETNAM,1994,23528300
VIETNAM,1993,22836600
VIETNAM,1992,21590304
VIETNAM,1991,19621904
YUGOSLAV SFR,1991,37501
ZAMBIA,2015,25514
ZAMBIA,2014,49640
ZAMBIA,2013,44747
ZAMBIA,2012,45321
ZAMBIA,2011,49410
ZAMBIA,2010,51656
ZAMBIA,2009,41929
ZAMBIA,2008,24023
ZAMBIA,2007,18317
ZAMBIA,2006,13964
ZAMBIA,2005,13337
ZAMBIA,2004,17189
ZAMBIA,2003,15500
ZAMBIA,2002,13500
ZAMBIA,2001,11645
ZAMBIA,2000,13936
ZAMBIA,1999,14700
ZAMBIA,1998,6399
ZAMBIA,1997,12473
ZAMBIA,1996,13296
ZAMBIA,1995,12110
ZAMBIA,1994,6358
ZAMBIA,1993,13993
ZAMBIA,1992,8283
ZAMBIA,1991,14602
ZIMBABWE,2015,726
ZIMBABWE,2014,704
ZIMBABWE,2013,700
ZIMBABWE,2012,700
ZIMBABWE,2011,677
ZIMBABWE,2010,665
ZIMBABWE,2009,652
ZIMBABWE,2008,640
ZIMBABWE,2007,629
ZIMBABWE,2006,600
ZIMBABWE,2005,632
ZIMBABWE,2004,640
ZIMBABWE,2003,700
ZIMBABWE,2002,607
ZIMBABWE,2001,600
ZIMBABWE,2000,500
ZIMBABWE,1999,466
ZIMBABWE,1998,400
ZIMBABWE,1997,441
ZIMBABWE,1996,437
ZIMBABWE,1995,400
ZIMBABWE,1994,461
ZIMBABWE,1993,500
ZIMBABWE,1992,400
ZIMBABWE,1991,450
