"Estimates of Household Income by statistical indicator, Year and County"
"and Region"

" "," ","State","West","Border","Mayo","Dublin","Cavan","Louth","Sligo","Laois","Midland","Meath","Clare","Kerry","Offaly","Mid-East","Mid-West","Carlow","Donegal","Leitrim","Kildare","Wicklow","Wexford","Monaghan","Longford","Kilkenny","South-East","South-West","Westmeath","Roscommon","North Tipperary","South Tipperary","Southern and Eastern","Cork City and County","Galway City and County","Limerick City and County","Waterford City and County","Border, Midland and Western"
"Compensation of Employees (i.e. Wages and Salaries, Benefits in kind, Employers' social insurance contribution) (Euro Million)"
" ","2000",41702,3193,3637,949,15525,443,1106,510,530,2046,1431,1015,989,552,4721,3379,417,936,202,2060,1230,929,440,252,688,3759,5443,712,434,527,666,32827,4454,1809,1837,1059,8875
" ","2001",46530,3550,4014,1044,17365,491,1235,571,586,2302,1621,1100,1099,620,5348,3851,458,1020,219,2329,1398,1039,480,284,740,4112,5989,811,484,622,746,36665,4890,2022,2129,1128,9865
" ","2002",49762,3827,4381,1116,17966,550,1365,641,668,2519,1751,1204,1182,671,5839,3975,471,1080,240,2541,1547,1159,506,308,817,4541,6714,872,519,647,827,39035,5531,2192,2124,1267,10728
" ","2003",54128,4395,4829,1267,19095,614,1464,719,763,2892,1971,1282,1314,776,6385,4305,512,1187,269,2733,1681,1278,575,354,899,4952,7275,998,588,707,915,42012,5961,2540,2317,1348,12116
" ","2004",58752,4881,5374,1380,20420,702,1561,807,842,3090,2265,1354,1407,838,7163,4566,566,1323,310,3044,1855,1371,671,380,965,5348,7910,1030,652,757,987,45406,6503,2849,2454,1459,13345
" ","2005",65284,5366,5859,1492,22596,790,1730,849,925,3411,2663,1507,1569,944,8121,5058,633,1403,340,3425,2033,1569,746,426,1087,5957,8915,1117,740,857,1094,50647,7346,3134,2693,1575,14637
" ","2006",71797,5880,6421,1598,24547,881,1826,922,1061,3811,3088,1631,1724,1061,9207,5567,715,1601,386,3881,2238,1784,804,476,1263,6662,9702,1214,821,979,1229,55685,7978,3461,2957,1671,16112
" ","2007",78540,6339,7065,1720,26945,1014,2008,1012,1171,4117,3389,1814,1852,1114,10036,6025,798,1734,418,4182,2465,2042,879,511,1415,7524,10489,1321,862,1029,1405,61019,8636,3756,3183,1865,17521
" ","2008",80727,6635,7239,1795,27532,1030,2055,1019,1240,4250,3571,1895,1913,1134,10421,6147,805,1798,449,4333,2517,2096,888,533,1490,7678,10824,1343,906,1075,1427,62602,8911,3933,3177,1860,18125
" ","2009",73628,6166,6670,1690,25027,950,1886,972,1129,3825,3181,1677,1803,999,9458,5554,728,1681,412,3958,2320,1833,769,468,1335,6881,10046,1230,832,989,1339,56966,8243,3644,2889,1645,16661
" ","2010",68793,5885,6218,1620,23402,875,1697,927,1045,3593,2914,1622,1630,921,8661,5412,658,1614,391,3597,2150,1682,713,441,1201,6298,9324,1187,787,926,1209,53096,7694,3478,2864,1549,15696
" ","2011",69711,5693,6144,1541,24298,902,1669,851,1139,3570,2936,1548,1625,889,8612,5796,669,1576,392,3606,2070,1613,754,431,1201,6029,9570,1111,767,864,1083,54305,7945,3385,3385,1463,15407
" ","2012",69406,5760,5863,1526,24405,883,1605,861,1104,3503,2939,1542,1637,877,8586,5729,656,1474,378,3587,2059,1584,663,431,1195,5941,9619,1091,747,863,1045,54281,7982,3487,3325,1460,15125
" ","2013",70659,5729,5975,1529,25002,910,1619,883,1173,3645,2875,1531,1616,913,8444,5640,691,1489,384,3544,2025,1669,689,451,1325,6322,9902,1108,736,863,1122,55310,8286,3464,3247,1514,15349
" ","2014",73085,5847,6131,1569,26148,938,1662,887,1177,3684,3023,1552,1692,930,8819,5775,726,1528,386,3697,2098,1784,730,444,1348,6663,10019,1132,754,866,1178,57424,8327,3523,3357,1627,15661
" ","2015",76719,6005,6509,1574,27415,1005,1779,942,1193,3837,3219,1638,1785,974,9427,6051,745,1594,403,3968,2239,1914,785,479,1427,7043,10431,1191,748,913,1249,60367,8646,3682,3499,1709,16352
"Income of Self Employed (Euro Million)"
" ","2000",9358,984,1017,323,2344,172,193,120,142,553,355,270,387,159,1033,845,95,313,70,369,309,311,150,88,211,1098,1484,163,161,185,230,6804,1097,501,390,251,2555
" ","2001",10121,1013,1072,326,2569,181,218,124,140,562,394,279,440,164,1126,895,101,323,69,399,333,344,157,89,228,1203,1681,170,165,200,254,7473,1241,522,417,276,2648
" ","2002",9286,1017,988,323,2312,164,187,121,129,544,367,263,404,161,1026,808,89,307,63,362,298,314,146,90,214,1096,1495,164,175,184,237,6737,1091,519,361,243,2549
" ","2003",10187,1075,1062,342,2671,172,211,137,150,606,402,272,415,176,1150,847,95,320,74,416,332,348,148,94,232,1184,1591,186,175,191,244,7444,1176,558,384,265,2743
" ","2004",11242,1200,1158,382,2877,191,228,151,179,698,456,303,459,204,1289,934,106,344,87,473,360,402,159,107,255,1318,1767,208,190,211,263,8186,1308,628,421,292,3056
" ","2005",12821,1416,1360,448,3189,228,267,185,201,786,529,369,520,224,1470,1168,124,391,106,532,409,451,183,121,291,1438,1994,240,231,290,249,9259,1474,737,509,324,3562
" ","2006",13421,1364,1289,408,3539,215,261,180,185,727,596,383,548,210,1620,1178,143,376,99,576,448,506,159,112,330,1629,2075,220,210,265,305,10041,1527,746,530,345,3380
" ","2007",14349,1400,1365,419,3777,224,276,190,183,724,650,397,589,208,1759,1225,160,403,104,629,480,575,168,112,375,1840,2259,221,206,273,341,10860,1670,775,555,389,3489
" ","2008",13101,1330,1220,400,3478,197,247,172,152,636,555,361,552,181,1541,1099,151,373,96,564,422,527,136,102,347,1692,2106,201,191,243,316,9917,1554,738,495,350,3185
" ","2009",10682,1128,1009,341,2959,157,206,146,118,508,445,288,432,143,1267,860,118,320,81,467,356,404,99,82,264,1308,1643,166,162,177,247,8037,1210,624,395,275,2645
" ","2010",10267,1014,947,308,2737,153,178,132,112,487,469,290,444,136,1274,946,114,302,78,440,366,379,104,75,241,1202,1660,164,141,233,207,7819,1217,565,423,260,2448
" ","2011",9673,923,871,273,2392,152,161,122,116,488,445,273,435,134,1166,926,110,257,73,393,328,370,104,74,246,1179,1727,164,137,241,206,7391,1292,513,412,248,2282
" ","2012",9239,907,898,270,2341,155,167,121,101,439,425,259,405,119,1120,855,99,271,75,377,318,344,109,67,223,1075,1605,152,135,223,180,6996,1200,501,373,230,2243
" ","2013",9329,846,856,254,2395,149,164,116,103,422,455,248,408,115,1171,844,100,254,71,387,329,358,102,63,246,1133,1663,141,124,217,195,7205,1255,468,379,233,2124
" ","2014",9780,886,905,264,2427,163,163,122,109,455,473,263,436,125,1228,885,111,263,75,409,346,392,120,67,269,1250,1745,153,133,226,215,7535,1310,488,396,263,2245
" ","2015",10057,946,937,277,2532,166,174,128,103,455,501,268,421,129,1308,890,116,269,78,442,364,408,123,68,275,1301,1688,156,140,221,221,7718,1266,529,401,281,2338
"Rent of dwellings (including imputed rent of owner-occupied dwellings) (Euro Million)"
" ","2000",3589,310,283,77,1449,33,80,43,38,152,113,73,86,41,376,260,33,77,18,154,109,76,32,19,55,289,469,54,35,40,51,2843,383,198,147,74,746
" ","2001",4370,375,342,93,1768,40,98,52,46,185,140,88,104,49,464,314,40,92,22,191,133,93,38,23,66,351,571,66,42,49,62,3468,467,240,177,90,902
" ","2002",4978,424,388,105,2017,45,112,58,53,210,161,100,117,56,535,356,46,105,24,221,152,106,43,26,75,399,649,75,48,55,70,3956,532,272,200,102,1022
" ","2003",4731,405,371,100,1886,44,107,55,52,203,159,96,113,55,522,335,44,100,23,216,147,105,42,25,73,386,623,71,46,53,67,3752,509,258,186,96,979
" ","2004",4100,352,324,87,1610,40,93,47,47,179,143,83,99,49,463,288,39,87,19,191,129,94,37,22,65,340,544,61,41,47,59,3245,444,223,158,83,855
" ","2005",3506,302,278,75,1357,35,79,40,41,156,126,72,86,43,405,245,34,75,16,167,112,83,33,19,57,295,468,52,36,40,51,2770,382,191,133,70,736
" ","2006",3344,288,267,72,1277,35,76,38,41,151,123,69,83,42,394,232,33,72,15,163,108,82,32,18,55,286,450,50,35,39,49,2638,367,182,124,67,706
" ","2007",5550,485,455,121,2091,61,126,65,69,253,206,115,141,70,654,385,55,123,27,271,177,138,53,31,92,480,748,83,60,65,81,4357,607,303,205,112,1193
" ","2008",8218,720,685,182,3062,93,186,97,106,381,301,172,210,102,957,581,84,189,41,396,260,209,78,49,138,719,1113,123,89,105,121,6432,903,449,303,167,1786
" ","2009",5490,482,462,124,2033,62,125,66,72,255,201,115,142,68,634,392,56,129,28,260,174,141,52,33,93,485,748,83,59,73,82,4292,607,299,204,113,1199
" ","2010",6593,579,556,151,2432,74,150,79,85,305,240,139,171,82,757,474,68,158,33,308,209,171,62,38,113,588,903,99,71,89,99,5153,733,357,246,137,1440
" ","2011",6799,579,551,152,2577,71,156,76,87,304,252,139,167,83,792,472,68,155,30,320,220,173,62,35,117,598,925,100,70,81,103,5364,758,358,253,137,1435
" ","2012",7249,634,611,167,2675,81,166,86,94,333,263,153,188,90,827,523,75,175,36,334,230,188,67,42,125,650,995,109,78,98,110,5670,807,390,272,152,1579
" ","2013",7322,642,620,169,2693,82,168,87,95,338,266,154,191,91,837,529,76,177,36,338,233,190,68,42,126,657,1007,110,78,99,111,5723,816,394,275,153,1599
" ","2014",7830,686,663,181,2882,88,180,93,102,361,284,165,204,97,895,564,82,189,39,362,249,204,73,45,135,703,1076,118,84,106,118,6120,872,421,293,164,1710
" ","2015",8625,757,731,200,3171,98,199,102,112,397,313,182,224,107,988,621,90,209,43,400,275,225,81,50,148,775,1185,129,92,117,130,6740,960,464,323,180,1885
"Net Interest and Dividends (payments by households of interest are deducted from interest received by households) (Euro Million)"
" ","2000",2607,214,236,64,920,31,66,32,34,131,91,65,70,36,292,214,26,63,14,123,79,63,30,17,46,246,353,44,30,36,45,2025,283,120,113,66,581
" ","2001",2816,228,251,68,1000,33,72,34,36,141,99,68,76,39,320,234,28,66,14,135,86,68,31,18,48,262,381,48,32,40,49,2196,305,129,126,69,620
" ","2002",2523,208,227,61,878,30,66,32,34,129,90,62,67,35,291,203,24,59,13,123,79,62,27,17,44,238,349,44,29,35,45,1959,282,118,106,63,564
" ","2003",3144,268,285,78,1076,38,81,42,44,169,115,75,84,46,367,250,30,73,17,153,98,79,35,22,55,297,432,57,37,43,56,2422,348,153,131,78,722
" ","2004",3534,307,327,88,1187,45,90,48,51,189,137,83,94,52,425,276,34,84,20,177,112,89,41,24,61,334,488,62,42,48,62,2710,394,177,145,88,823
" ","2005",3195,277,294,79,1062,41,81,42,46,170,130,76,85,47,391,253,31,73,18,161,100,82,38,22,56,301,445,55,39,47,55,2453,360,159,131,77,742
" ","2006",2530,216,229,60,835,33,62,33,37,134,109,60,68,38,320,200,25,59,14,132,80,68,29,17,47,246,350,43,31,37,46,1951,282,126,103,60,579
" ","2007",1095,92,99,25,365,14,27,14,16,57,47,26,29,15,138,85,11,25,6,57,35,31,12,7,21,110,150,18,13,15,20,848,121,54,44,26,247
" ","2008",60,5,5,1,20,1,1,1,1,3,3,1,2,1,7,5,1,1,0,3,2,2,1,0,1,6,8,1,1,1,1,46,7,3,2,1,14
" ","2009",1514,131,137,36,506,20,37,20,22,77,65,35,40,20,192,115,15,36,9,79,48,40,16,10,29,146,210,25,18,21,28,1169,170,77,59,34,346
" ","2010",1287,112,116,31,429,17,30,17,19,66,54,31,34,17,161,103,13,31,8,65,41,34,13,8,23,122,179,22,15,19,23,993,145,66,53,29,294
" ","2011",502,42,44,11,170,7,12,6,8,25,21,11,13,6,62,42,5,12,3,25,15,13,5,3,9,46,71,8,6,7,8,391,58,25,24,11,111
" ","2012",3316,282,285,76,1135,43,75,41,50,165,140,75,86,42,407,274,32,74,19,166,101,82,32,21,60,296,472,52,37,46,52,2584,386,169,153,71,732
" ","2013",3204,265,273,72,1104,42,72,40,50,162,132,71,81,41,384,257,32,70,18,157,95,81,32,20,62,298,461,50,34,43,52,2504,380,159,143,70,700
" ","2014",3105,254,264,69,1077,41,69,38,48,154,129,68,80,39,375,247,31,68,17,153,92,81,32,19,60,295,440,48,33,41,52,2433,360,152,139,70,672
" ","2015",3971,321,340,85,1378,53,90,49,59,195,168,87,101,50,488,315,40,86,22,200,120,106,41,25,77,380,554,61,41,52,67,3114,453,195,176,90,856
"Primary Income (Euro Million)"
" ","2000",57256,4702,5173,1413,20239,679,1444,705,744,2882,1989,1423,1532,788,6423,4697,571,1389,304,2706,1727,1379,651,377,999,5390,7750,974,661,788,992,44499,6217,2628,2487,1450,12757
" ","2001",63837,5166,5680,1530,22702,745,1622,781,808,3189,2254,1535,1719,872,7258,5294,626,1502,324,3053,1950,1544,706,414,1083,5927,8621,1095,723,910,1111,49802,6903,2913,2848,1563,14035
" ","2002",66549,5476,5984,1605,23173,788,1730,853,883,3402,2369,1629,1770,923,7692,5341,630,1550,341,3247,2076,1641,723,442,1150,6273,9207,1154,771,922,1178,51687,7437,3101,2791,1675,14862
" ","2003",72189,6142,6547,1787,24729,868,1862,953,1009,3870,2647,1725,1926,1053,8423,5737,681,1680,382,3518,2258,1810,801,496,1260,6819,9921,1312,847,994,1282,55630,7995,3509,3018,1787,16559
" ","2004",77627,6740,7183,1937,26094,976,1971,1053,1118,4156,3000,1823,2059,1144,9340,6064,745,1837,436,3884,2456,1956,909,533,1347,7341,10708,1361,926,1063,1371,59548,8649,3877,3178,1922,18079
" ","2005",84805,7361,7791,2094,28204,1095,2158,1116,1213,4524,3447,2024,2260,1258,10387,6724,822,1942,481,4285,2654,2185,1000,589,1491,7992,11822,1465,1046,1234,1448,65130,9563,4220,3466,2046,19675
" ","2006",91092,7748,8206,2138,30198,1163,2224,1173,1323,4824,3917,2143,2422,1350,11541,7177,916,2107,515,4751,2873,2439,1023,624,1696,8822,12576,1527,1096,1320,1629,70315,10153,4514,3715,2142,20777
" ","2007",99535,8315,8984,2286,33178,1313,2437,1281,1439,5151,4292,2351,2611,1407,12587,7720,1025,2285,555,5139,3157,2785,1112,662,1903,9953,13646,1643,1141,1382,1847,77085,11035,4889,3986,2392,22450
" ","2008",102106,8690,9149,2379,34092,1320,2489,1289,1499,5270,4430,2430,2677,1418,12927,7832,1041,2362,587,5296,3201,2834,1103,685,1976,10094,14052,1668,1187,1425,1865,78997,11375,5124,3977,2378,23109
" ","2009",91314,7906,8278,2192,30524,1188,2254,1204,1340,4666,3890,2116,2417,1230,11551,6921,918,2167,530,4763,2897,2418,936,593,1721,8820,12647,1503,1071,1260,1696,70464,10230,4644,3546,2067,20851
" ","2010",86940,7590,7838,2110,28999,1119,2057,1156,1261,4451,3677,2082,2278,1156,10853,6934,852,2105,510,4411,2766,2265,892,562,1579,8209,12066,1472,1014,1267,1538,67061,9788,4466,3586,1975,19878
" ","2011",86685,7237,7610,1977,29438,1132,1998,1056,1350,4388,3654,1971,2240,1112,10631,7236,852,1999,499,4345,2633,2169,925,543,1573,7852,12293,1383,979,1192,1399,67450,10053,4281,4073,1858,19235
" ","2012",89211,7583,7656,2039,30557,1162,2012,1109,1349,4440,3767,2028,2316,1127,10939,7382,863,1993,508,4464,2708,2197,871,560,1602,7962,12692,1404,997,1230,1386,69531,10375,4547,4124,1913,19680
" ","2013",90513,7482,7724,2024,31194,1184,2023,1126,1420,4566,3727,2003,2296,1160,10836,7270,900,1991,509,4426,2682,2298,891,577,1760,8409,13033,1409,973,1222,1481,70741,10737,4485,4044,1971,19772
" ","2014",93800,7673,7962,2084,32534,1230,2074,1139,1436,4653,3909,2048,2411,1191,11316,7472,950,2048,517,4622,2785,2461,955,575,1812,8910,13280,1451,1004,1239,1564,73512,10869,4585,4185,2124,20288
" ","2015",99371,8028,8518,2137,34497,1322,2241,1221,1467,4885,4202,2175,2532,1259,12211,7877,991,2159,546,5011,2998,2652,1029,621,1927,9498,13857,1538,1022,1302,1667,77939,11325,4870,4399,2261,21432
"Social Benefits and Other Current Transfers (Euro Million)"
" ","2000",8633,869,1041,289,2531,123,247,134,114,484,216,207,288,135,717,768,110,350,68,275,225,270,120,82,161,966,1257,153,119,140,185,6238,969,462,421,239,2395
" ","2001",10254,1026,1225,338,2982,146,293,158,138,580,266,249,340,162,872,911,129,406,78,339,267,324,143,96,194,1157,1502,184,141,168,223,7424,1162,547,495,286,2830
" ","2002",12770,1275,1510,415,3646,181,366,193,178,738,353,313,420,204,1150,1135,161,501,95,449,348,412,174,120,245,1451,1864,237,175,207,275,9246,1444,685,614,358,3524
" ","2003",13625,1349,1613,438,3886,194,389,207,191,789,382,334,450,217,1235,1211,174,541,101,480,373,443,182,127,263,1553,1988,254,185,220,294,9873,1538,726,656,380,3751
" ","2004",15092,1486,1779,481,4288,216,425,229,212,877,428,375,503,242,1382,1343,193,596,112,538,416,495,201,140,292,1729,2208,283,203,245,321,10950,1706,803,723,427,4142
" ","2005",16855,1679,1990,539,4708,243,469,259,239,991,485,422,563,275,1548,1507,219,669,126,600,463,559,223,158,330,1946,2484,319,232,275,358,12194,1921,907,810,481,4660
" ","2006",18790,1856,2226,587,5181,276,532,285,272,1114,572,474,625,309,1805,1678,243,745,141,709,524,636,247,178,368,2173,2758,356,256,307,400,13594,2134,1014,896,527,5196
" ","2007",20643,2051,2472,646,5609,305,593,319,306,1250,634,524,686,345,1980,1846,275,824,157,774,572,708,273,199,405,2415,3020,400,284,338,440,14871,2334,1122,984,587,5773
" ","2008",23839,2371,2878,746,6434,358,693,366,360,1457,743,606,784,402,2315,2124,319,958,183,907,665,830,319,230,471,2816,3444,465,327,389,507,17134,2660,1298,1130,689,6705
" ","2009",25409,2536,3084,803,6779,384,742,384,392,1582,790,642,836,434,2455,2275,343,1032,196,968,697,901,345,250,505,3029,3668,506,346,416,543,18207,2832,1387,1217,737,7202
" ","2010",25687,2555,3115,804,6813,394,759,389,399,1606,808,639,841,442,2513,2302,363,1030,200,994,711,916,343,257,504,3075,3708,508,346,423,554,18412,2867,1405,1240,738,7276
" ","2011",25424,2511,3093,788,6774,387,761,385,407,1602,800,631,815,437,2503,2290,371,1030,199,996,706,932,331,257,493,3064,3587,501,344,426,547,18217,2772,1380,1233,721,7207
" ","2012",26055,2541,3162,793,7015,396,790,393,422,1650,814,643,832,449,2589,2325,381,1042,201,1043,732,950,341,264,508,3140,3633,515,347,435,560,18702,2802,1401,1247,740,7353
" ","2013",25234,2464,3060,767,6776,383,769,381,416,1624,788,617,808,441,2515,2232,365,1002,194,1011,717,922,331,258,491,3041,3521,508,339,423,545,18086,2713,1359,1192,717,7148
" ","2014",24806,2425,2999,746,6637,379,748,375,414,1606,785,609,792,436,2488,2194,359,986,190,994,709,906,322,254,487,2994,3464,503,337,418,533,17777,2672,1343,1166,710,7029
" ","2015",24507,2385,2965,736,6580,382,750,371,407,1576,795,596,783,428,2480,2158,355,956,187,979,705,892,320,246,478,2944,3418,496,333,411,524,17580,2635,1316,1151,695,6927
"Total Household Income (Euro Million)"
" ","2000",66145,5592,6237,1708,22861,805,1698,843,861,3380,2215,1636,1827,926,7168,5486,683,1745,373,2994,1960,1655,774,460,1164,6380,9041,1132,782,932,1182,50937,7214,3102,2919,1696,15209
" ","2001",75368,6295,7018,1899,26138,906,1948,955,962,3833,2566,1814,2093,1051,8275,6311,768,1938,409,3453,2256,1899,863,519,1299,7202,10296,1301,878,1096,1356,58222,8203,3519,3400,1881,17146
" ","2002",81825,6958,7720,2081,27692,999,2161,1078,1094,4268,2810,2004,2257,1162,9131,6677,815,2109,449,3819,2502,2115,924,578,1438,7961,11418,1434,975,1163,1498,62879,9161,3903,3510,2096,18946
" ","2003",88238,7698,8380,2285,29445,1091,2314,1192,1234,4788,3118,2117,2441,1306,9941,7141,878,2277,496,4116,2707,2313,1010,639,1565,8602,12242,1610,1060,1248,1618,67372,9801,4353,3776,2227,20866
" ","2004",95435,8462,9212,2485,31294,1227,2465,1318,1370,5179,3534,2262,2634,1426,11049,7619,965,2497,563,4558,2957,2519,1142,692,1686,9327,13291,1691,1161,1346,1741,72581,10658,4816,4012,2416,22854
" ","2005",103580,9206,9958,2681,33551,1363,2676,1400,1479,5617,4011,2492,2874,1561,12171,8384,1060,2655,618,4982,3177,2793,1246,760,1854,10120,14574,1816,1302,1537,1839,78799,11700,5223,4354,2573,24781
" ","2006",110437,9651,10482,2737,35563,1446,2770,1465,1603,5967,4513,2630,3062,1667,13416,8898,1164,2865,659,5489,3414,3089,1276,805,2075,11049,15410,1892,1359,1635,2038,84337,12349,5555,4633,2682,26099
" ","2007",119923,10345,11432,2926,38702,1615,3024,1597,1741,6388,4915,2869,3291,1749,14535,9546,1297,3103,711,5900,3721,3486,1382,859,2304,12343,16631,2039,1422,1717,2283,91758,13340,5998,4960,2973,28165
" ","2008",127216,11169,12141,3155,40950,1695,3213,1671,1878,6792,5228,3066,3494,1837,15403,10054,1373,3350,777,6269,3906,3700,1436,924,2472,13036,17671,2154,1528,1831,2395,97114,14176,6485,5157,3096,30102
" ","2009",119410,10675,11606,3059,38202,1608,3062,1623,1772,6385,4795,2820,3324,1700,14346,9400,1288,3263,741,5871,3680,3391,1309,860,2276,12108,16688,2054,1449,1713,2289,90744,13363,6167,4867,2864,28667
" ","2010",113139,10190,10998,2926,35984,1520,2828,1551,1667,6083,4506,2733,3132,1604,13429,9278,1220,3147,712,5431,3493,3195,1240,823,2092,11333,15844,1989,1366,1697,2101,85868,12713,5898,4847,2725,27271
" ","2011",112526,9783,10739,2774,36353,1525,2768,1446,1764,6011,4472,2611,3065,1554,13185,9562,1227,3040,700,5361,3352,3112,1261,804,2074,10953,15939,1890,1328,1624,1953,85992,12873,5681,5326,2588,26534
" ","2012",115889,10178,10872,2847,37785,1566,2816,1509,1780,6121,4608,2685,3164,1584,13605,9758,1250,3049,714,5538,3458,3163,1218,828,2122,11157,16414,1929,1351,1674,1956,88719,13249,5980,5399,2666,27170
" ","2013",114415,9836,10670,2761,37511,1549,2763,1491,1816,6123,4460,2591,3070,1584,13191,9395,1251,2963,695,5372,3359,3186,1209,827,2226,11327,16362,1897,1297,1627,2004,87786,13292,5777,5177,2659,26628
" ","2014",117030,9969,10827,2795,38624,1588,2787,1495,1825,6181,4628,2623,3162,1607,13614,9540,1293,2999,698,5538,3447,3326,1261,819,2268,11755,16521,1929,1324,1636,2071,90053,13359,5850,5281,2797,26977
" ","2015",123757,10404,11473,2870,41035,1703,2988,1590,1871,6456,4992,2769,3312,1685,14676,10024,1346,3112,732,5984,3700,3541,1348,867,2402,12431,17258,2032,1353,1712,2189,95424,13946,6180,5544,2953,28332
"Total Income per Person (Euro)"
" ","2000",17455,15422,14833,15197,20834,14730,17842,14625,15447,15615,17874,16714,14013,14880,18430,16620,15733,13002,14404,19672,17365,15196,14607,14869,14808,15614,16001,16775,15076,15423,14992,18257,16597,15640,16988,17160,15216
" ","2001",19590,17080,16514,16707,23587,16393,20255,16395,16943,17386,19922,18255,15855,16580,20628,18824,17342,14288,15633,21859,19724,17106,16118,16600,16213,17295,17995,18848,16758,17873,16882,20550,18637,17372,19483,18673,16909
" ","2002",20889,18297,17848,17717,24663,17672,21226,18523,18619,18938,20973,19401,17033,18252,22129,19662,17702,15331,17385,23292,21818,18138,17560,18601,17893,18792,19674,19952,18125,19067,18928,21840,20456,18666,20024,20641,18249
" ","2003",22171,19850,19019,19082,25961,18941,22306,20108,20516,20769,22558,20320,18180,20047,23354,20845,18775,16249,18879,24336,22882,19521,18845,20105,19174,19981,20820,21904,19324,20281,20127,23065,21602,20417,21351,21581,19704
" ","2004",23592,21413,20520,20363,27388,20905,23328,21827,22268,21954,24737,21437,19317,21393,25119,21966,20240,17485,21025,26081,24191,20861,20920,21280,20267,21258,22261,22485,20778,21591,21241,24478,23132,22167,22407,22972,21160
" ","2005",25057,22842,21732,21540,28859,22749,24807,22710,23349,23123,26993,23237,20720,22753,26601,23772,21720,18218,22607,27409,24989,22580,22365,22698,21751,22516,23993,23448,22850,24263,21906,26009,24962,23572,23917,23883,22443
" ","2006",26090,23499,22330,21583,29970,23566,25070,23199,24401,23692,29219,24132,21649,23434,28208,24830,23244,19189,23533,29047,25828,24347,22357,23187,23735,23966,24882,23558,23393,25391,23672,27197,25839,24603,25045,24270,23057
" ","2007",27406,24527,23614,22462,31453,25518,26531,24511,25464,24362,30579,25658,22575,23608,29369,25963,25077,20154,24618,30003,27051,26601,23482,23776,25509,25921,26050,24382,23836,25988,25665,28606,27079,25866,26133,26048,24112
" ","2008",28364,25901,24376,23692,32542,26026,27402,24930,26636,25129,31562,26888,23418,24064,30199,26816,25858,21145,26154,30933,27558,27507,23708,24786,26672,26675,27042,24989,25068,27186,26241,29558,28115,27355,26645,26432,25094
" ","2009",26340,24468,22878,22706,30241,24239,25640,23780,24661,23182,28432,24545,22086,21849,27626,24882,23967,20223,24500,28458,25496,24892,21215,22650,24253,24466,25317,23382,23479,25236,24758,27379,26273,25711,24958,24143,23515
" ","2010",24840,23250,21482,21617,28514,22707,23462,22519,22857,21750,26374,23743,20757,20306,25527,24509,22575,19327,23326,25980,23889,23329,19917,21340,22175,22777,23981,22301,22043,24952,22607,25826,24934,24477,24806,22845,22173
" ","2011",24596,22032,20919,21300,28639,20897,22591,22176,21955,21348,24358,22347,21129,20330,24899,25280,22531,18918,22082,25567,24601,21476,20904,20664,21800,22077,24055,21996,20787,23159,22147,25778,24875,22731,27851,22807,21415
" ","2012",25273,22867,21127,21806,29699,21414,22928,23096,22114,21688,25039,22926,21759,20665,25633,25741,22910,18931,22453,26351,25327,21778,20150,21244,22251,22437,24715,22402,21103,23818,22135,26535,25543,23871,28166,23442,21878
" ","2013",24910,22061,20701,21114,29434,21149,22455,22771,22514,21658,24197,22086,21078,20629,24812,24741,22891,18371,21843,25517,24557,21903,19962,21173,23299,22740,24596,21992,20226,23114,22642,26212,25583,23024,26960,23343,21406
" ","2014",25388,22281,20930,21293,30199,21596,22572,22752,22550,21784,25019,22275,21633,20861,25515,25032,23559,18526,21839,26211,25111,22780,20749,20908,23660,23515,24746,22285,20573,23154,23311,26792,25619,23233,27406,24469,21608
" ","2015",26698,23123,22055,21747,31906,23034,24065,24072,22993,22628,26833,23386,22530,21753,27352,26158,24387,19118,22778,28163,26805,24118,22056,22007,24919,24728,25706,23344,20904,24092,24502,28232,26596,24407,28610,25686,22568
"Index of Total Income per Person (State=100)"
" ","2000",100.0,88.4,85.0,87.1,119.4,84.4,102.2,83.8,88.5,89.5,102.4,95.8,80.3,85.2,105.6,95.2,90.1,74.5,82.5,112.7,99.5,87.1,83.7,85.2,84.8,89.5,91.7,96.1,86.4,88.4,85.9,104.6,95.1,89.6,97.3,98.3,87.2
" ","2001",100.0,87.2,84.3,85.3,120.4,83.7,103.4,83.7,86.5,88.7,101.7,93.2,80.9,84.6,105.3,96.1,88.5,72.9,79.8,111.6,100.7,87.3,82.3,84.7,82.8,88.3,91.9,96.2,85.5,91.2,86.2,104.9,95.1,88.7,99.5,95.3,86.3
" ","2002",100.0,87.6,85.4,84.8,118.1,84.6,101.6,88.7,89.1,90.7,100.4,92.9,81.5,87.4,105.9,94.1,84.7,73.4,83.2,111.5,104.5,86.8,84.1,89.0,85.7,90.0,94.2,95.5,86.8,91.3,90.6,104.6,97.9,89.4,95.9,98.8,87.4
" ","2003",100.0,89.5,85.8,86.1,117.1,85.4,100.6,90.7,92.5,93.7,101.7,91.7,82.0,90.4,105.3,94.0,84.7,73.3,85.2,109.8,103.2,88.0,85.0,90.7,86.5,90.1,93.9,98.8,87.2,91.5,90.8,104.0,97.4,92.1,96.3,97.3,88.9
" ","2004",100.0,90.8,87.0,86.3,116.1,88.6,98.9,92.5,94.4,93.1,104.9,90.9,81.9,90.7,106.5,93.1,85.8,74.1,89.1,110.6,102.5,88.4,88.7,90.2,85.9,90.1,94.4,95.3,88.1,91.5,90.0,103.8,98.1,94.0,95.0,97.4,89.7
" ","2005",100.0,91.2,86.7,86.0,115.2,90.8,99.0,90.6,93.2,92.3,107.7,92.7,82.7,90.8,106.2,94.9,86.7,72.7,90.2,109.4,99.7,90.1,89.3,90.6,86.8,89.9,95.8,93.6,91.2,96.8,87.4,103.8,99.6,94.1,95.5,95.3,89.6
" ","2006",100.0,90.1,85.6,82.7,114.9,90.3,96.1,88.9,93.5,90.8,112.0,92.5,83.0,89.8,108.1,95.2,89.1,73.6,90.2,111.3,99.0,93.3,85.7,88.9,91.0,91.9,95.4,90.3,89.7,97.3,90.7,104.2,99.0,94.3,96.0,93.0,88.4
" ","2007",100.0,89.5,86.2,82.0,114.8,93.1,96.8,89.4,92.9,88.9,111.6,93.6,82.4,86.1,107.2,94.7,91.5,73.5,89.8,109.5,98.7,97.1,85.7,86.8,93.1,94.6,95.1,89.0,87.0,94.8,93.6,104.4,98.8,94.4,95.4,95.0,88.0
" ","2008",100.0,91.3,85.9,83.5,114.7,91.8,96.6,87.9,93.9,88.6,111.3,94.8,82.6,84.8,106.5,94.5,91.2,74.5,92.2,109.1,97.2,97.0,83.6,87.4,94.0,94.0,95.3,88.1,88.4,95.8,92.5,104.2,99.1,96.4,93.9,93.2,88.5
" ","2009",100.0,92.9,86.9,86.2,114.8,92.0,97.3,90.3,93.6,88.0,107.9,93.2,83.8,83.0,104.9,94.5,91.0,76.8,93.0,108.0,96.8,94.5,80.5,86.0,92.1,92.9,96.1,88.8,89.1,95.8,94.0,103.9,99.7,97.6,94.8,91.7,89.3
" ","2010",100.0,93.6,86.5,87.0,114.8,91.4,94.5,90.7,92.0,87.6,106.2,95.6,83.6,81.7,102.8,98.7,90.9,77.8,93.9,104.6,96.2,93.9,80.2,85.9,89.3,91.7,96.5,89.8,88.7,100.5,91.0,104.0,100.4,98.5,99.9,92.0,89.3
" ","2011",100.0,89.6,85.0,86.6,116.4,85.0,91.8,90.2,89.3,86.8,99.0,90.9,85.9,82.7,101.2,102.8,91.6,76.9,89.8,103.9,100.0,87.3,85.0,84.0,88.6,89.8,97.8,89.4,84.5,94.2,90.0,104.8,101.1,92.4,113.2,92.7,87.1
" ","2012",100.0,90.5,83.6,86.3,117.5,84.7,90.7,91.4,87.5,85.8,99.1,90.7,86.1,81.8,101.4,101.9,90.6,74.9,88.8,104.3,100.2,86.2,79.7,84.1,88.0,88.8,97.8,88.6,83.5,94.2,87.6,105.0,101.1,94.4,111.4,92.8,86.6
" ","2013",100.0,88.6,83.1,84.8,118.2,84.9,90.1,91.4,90.4,86.9,97.1,88.7,84.6,82.8,99.6,99.3,91.9,73.7,87.7,102.4,98.6,87.9,80.1,85.0,93.5,91.3,98.7,88.3,81.2,92.8,90.9,105.2,102.7,92.4,108.2,93.7,85.9
" ","2014",100.0,87.8,82.4,83.9,118.9,85.1,88.9,89.6,88.8,85.8,98.5,87.7,85.2,82.2,100.5,98.6,92.8,73.0,86.0,103.2,98.9,89.7,81.7,82.4,93.2,92.6,97.5,87.8,81.0,91.2,91.8,105.5,100.9,91.5,107.9,96.4,85.1
" ","2015",100.0,86.6,82.6,81.5,119.5,86.3,90.1,90.2,86.1,84.8,100.5,87.6,84.4,81.5,102.5,98.0,91.3,71.6,85.3,105.5,100.4,90.3,82.6,82.4,93.3,92.6,96.3,87.4,78.3,90.2,91.8,105.7,99.6,91.4,107.2,96.2,84.5
"Current Taxes on Income (Euro Million)"
" ","2000",14964,1079,1269,333,5714,161,418,157,189,727,541,362,339,194,1767,1176,146,312,70,775,451,329,152,87,230,1329,1902,258,144,183,234,11888,1563,603,632,390,3076
" ","2001",15865,1124,1294,337,6080,164,437,164,193,766,578,373,371,205,1876,1319,150,310,67,818,481,355,151,91,233,1375,2029,277,150,217,252,12680,1658,637,729,386,3184
" ","2002",16604,1173,1403,345,6252,180,492,190,214,807,610,395,378,211,2019,1265,141,317,72,890,520,375,153,95,243,1442,2243,287,158,209,265,13221,1865,670,661,418,3383
" ","2003",18323,1393,1567,402,6759,203,529,222,255,959,697,417,423,253,2221,1380,155,351,86,957,566,425,176,110,274,1592,2453,341,180,230,294,14404,2029,811,733,443,3919
" ","2004",20773,1651,1687,461,7738,232,477,263,281,1028,818,469,478,274,2622,1546,179,407,98,1103,701,460,210,133,333,1779,2723,340,219,257,330,16407,2245,971,820,477,4366
" ","2005",22787,1812,1838,496,8401,259,524,277,303,1124,949,520,529,304,2924,1717,199,436,110,1218,757,519,232,149,371,1949,3023,368,250,298,352,18013,2494,1066,899,508,4774
" ","2006",25704,1961,2036,524,9474,287,555,303,344,1251,1141,576,592,341,3430,1913,230,516,126,1421,868,604,249,164,443,2250,3388,401,270,335,414,20455,2796,1167,1002,559,5248
" ","2007",27805,2107,2174,562,10395,322,598,325,372,1317,1226,625,622,348,3688,2020,251,532,131,1519,944,678,266,172,491,2490,3614,426,281,344,461,22207,2992,1263,1050,609,5598
" ","2008",26211,2003,2016,531,9831,291,555,301,356,1236,1180,591,586,320,3500,1885,231,502,128,1441,879,631,238,165,468,2324,3416,395,262,329,432,20956,2830,1209,965,561,5255
" ","2009",25005,1970,1978,527,9295,285,542,303,339,1171,1084,554,590,300,3294,1794,221,503,124,1363,846,573,221,151,436,2173,3332,381,255,311,420,19887,2742,1188,929,523,5118
" ","2010",24057,1910,1874,510,8958,269,498,292,318,1125,1036,552,551,284,3130,1832,206,486,120,1277,816,541,210,143,399,2039,3189,380,245,310,381,19148,2638,1155,970,513,4910
" ","2011",26110,1984,2018,514,9887,294,565,281,372,1200,1094,580,585,302,3313,2060,219,505,131,1377,841,566,242,135,425,2116,3532,391,263,312,374,20908,2947,1207,1169,532,5202
" ","2012",26797,2061,1994,525,10263,301,561,293,367,1203,1144,590,599,301,3409,2092,222,489,128,1420,845,565,223,144,434,2129,3646,391,264,319,368,21539,3047,1273,1183,539,5259
" ","2013",27613,2114,2087,546,10493,312,584,308,400,1283,1134,590,623,319,3376,2093,248,512,134,1396,846,614,237,155,498,2335,3833,409,267,331,406,22130,3210,1301,1172,570,5483
" ","2014",28228,2165,2166,566,10589,330,594,313,410,1314,1196,594,653,331,3484,2141,263,535,137,1424,864,656,256,158,525,2496,3873,415,278,338,442,22583,3220,1321,1209,609,5645
" ","2015",29500,2226,2296,575,11071,353,636,335,412,1364,1255,628,679,349,3709,2225,278,556,144,1534,919,702,273,165,549,2626,3983,438,280,352,457,23613,3303,1371,1245,641,5887
"Disposable Household Income (Euro Million)"
" ","2000",51181,4513,4968,1375,17147,644,1280,686,672,2652,1673,1274,1488,733,5401,4310,538,1433,302,2219,1509,1326,622,374,935,5051,7140,874,639,749,947,39049,5651,2499,2287,1306,12133
" ","2001",59504,5171,5724,1562,20057,741,1511,791,769,3067,1988,1441,1722,846,6399,4991,618,1628,341,2635,1775,1544,712,428,1067,5827,8267,1023,728,879,1104,45542,6545,2882,2671,1495,13962
" ","2002",65220,5785,6317,1736,21440,820,1670,888,881,3461,2201,1609,1880,950,7112,5412,674,1792,376,2929,1982,1740,771,483,1195,6519,9175,1146,817,954,1232,49658,7296,3232,2849,1678,15563
" ","2003",69915,6305,6813,1883,22687,888,1785,970,979,3830,2421,1700,2018,1053,7721,5760,723,1926,411,3159,2141,1888,833,529,1291,7010,9790,1270,880,1018,1324,52967,7772,3541,3042,1784,16948
" ","2004",74662,6811,7526,2024,23557,995,1989,1055,1089,4150,2716,1793,2155,1151,8427,6074,785,2089,465,3455,2256,2059,932,559,1353,7548,10568,1351,942,1089,1411,56174,8413,3845,3192,1939,18487
" ","2005",80793,7395,8120,2185,25150,1104,2152,1123,1176,4493,3062,1972,2345,1258,9246,6667,861,2219,508,3765,2420,2275,1014,611,1483,8171,11551,1448,1052,1240,1487,60786,9206,4157,3455,2065,20007
" ","2006",84733,7690,8446,2213,26089,1159,2216,1162,1258,4716,3372,2055,2470,1326,9986,6985,934,2349,533,4068,2546,2485,1027,641,1632,8799,12023,1491,1089,1300,1624,63882,9553,4388,3631,2123,20851
" ","2007",92118,8238,9258,2364,28308,1293,2426,1272,1370,5071,3689,2244,2669,1401,10847,7526,1046,2571,580,4381,2777,2808,1116,688,1813,9853,13017,1612,1141,1372,1821,69551,10348,4734,3910,2364,22567
" ","2008",101004,9166,10125,2624,31118,1403,2658,1369,1522,5556,4048,2475,2908,1517,11903,8169,1141,2848,649,4828,3027,3068,1198,759,2004,10713,14254,1759,1266,1502,1963,76157,11346,5276,4192,2535,24847
" ","2009",94405,8706,9628,2532,28907,1323,2520,1320,1433,5215,3711,2266,2734,1400,11053,7606,1068,2760,617,4509,2833,2818,1088,709,1841,9936,13356,1673,1194,1402,1868,70857,10621,4980,3938,2341,23548
" ","2010",89082,8280,9125,2416,27026,1251,2330,1259,1350,4958,3470,2181,2581,1320,10300,7445,1014,2662,593,4153,2677,2654,1030,679,1694,9294,12655,1609,1121,1386,1720,66720,10075,4742,3877,2212,22362
" ","2011",86416,7800,8721,2261,26466,1231,2204,1165,1392,4811,3378,2032,2481,1253,9873,7501,1007,2534,569,3984,2510,2546,1019,668,1649,8837,12407,1499,1065,1312,1579,65084,9926,4474,4157,2056,21332
" ","2012",89092,8117,8877,2322,27522,1266,2255,1217,1414,4918,3463,2095,2565,1282,10196,7666,1028,2560,585,4119,2614,2597,995,684,1688,9029,12767,1538,1088,1355,1588,67180,10202,4707,4217,2127,21912
" ","2013",86801,7721,8583,2215,27018,1237,2178,1183,1415,4840,3326,2001,2447,1265,9815,7302,1004,2452,561,3976,2513,2573,972,672,1727,8992,12529,1488,1030,1296,1599,65656,10083,4477,4004,2089,21145
" ","2014",88802,7805,8661,2228,28035,1257,2193,1182,1415,4866,3433,2029,2510,1277,10130,7399,1030,2464,560,4114,2583,2669,1005,661,1743,9259,12648,1514,1046,1298,1629,67471,10139,4530,4072,2188,21332
" ","2015",94257,8177,9177,2295,29964,1350,2352,1255,1460,5092,3736,2141,2632,1336,10967,7800,1068,2557,587,4450,2781,2839,1075,702,1854,9804,13275,1594,1073,1359,1732,71811,10643,4809,4299,2312,22446
"Disposable Income per Person (Euro)"
" ","2000",13506,12445,11814,12234,15627,11776,13453,11902,12057,12256,13504,13019,11414,11769,13887,13057,12378,10681,11684,14582,13372,12172,11745,12063,11886,12361,12635,12957,12305,12400,12019,13996,13002,12601,13309,13215,12138
" ","2001",15467,14031,13468,13742,18100,13416,15710,13575,13544,13910,15437,14498,13042,13348,15951,14888,13963,12004,13052,16682,15522,13910,13293,13689,13310,13993,14449,14828,13895,14334,13741,16074,14871,14228,15306,14841,13769
" ","2002",16650,15212,14604,14784,19095,14494,16399,15263,14982,15356,16424,15575,14183,14930,17236,15936,14639,13026,14587,17864,17286,14925,14658,15557,14868,15388,15810,15952,15185,15643,15575,17248,16292,15460,16250,16525,14990
" ","2003",17567,16258,15463,15726,20002,15416,17211,16357,16274,16610,17513,16315,15028,16162,18138,16816,15465,13745,15625,18678,18096,15932,15556,16637,15812,16283,16649,17269,16048,16548,16467,18134,17129,16611,17205,17284,16004
" ","2004",18457,17235,16763,16586,20616,16960,18819,17473,17707,17594,19012,16996,15809,17278,19158,17510,16481,14631,17347,19767,18459,17051,17080,17185,16265,17204,17701,17959,16858,17471,17218,18945,18260,17697,17827,18440,17117
" ","2005",19544,18347,17721,17556,21633,18423,19954,18213,18559,18495,20605,18386,16905,18330,20210,18904,17643,15228,18575,20710,19033,18388,18202,18255,17401,18180,19016,18691,18464,19566,17710,20064,19641,18762,18979,19168,18120
" ","2006",20018,18724,17992,17448,21986,18881,20051,18400,19160,18725,21833,18851,17462,18635,20995,19491,18649,15734,19024,21525,19260,19585,18000,18463,18669,19085,19412,18563,18750,20184,18864,20601,19990,19434,19627,19212,18421
" ","2007",21052,19533,19123,18146,23006,20430,21285,19523,20031,19338,22952,20070,18306,18915,21917,20470,20229,16698,20086,22280,20188,21425,18961,19021,20076,20691,20389,19283,19124,20775,20476,21683,21006,20417,20599,20713,19319
" ","2008",22520,21256,20328,19705,24729,21550,22672,20433,21586,20556,24437,21707,19489,19870,23337,21789,21502,17974,21843,23823,21358,22812,19774,20361,21622,21920,21814,20406,20764,22297,21509,23180,22502,22253,21660,21643,20713
" ","2009",20824,19953,18979,18791,22883,19947,21104,19335,19945,18932,22002,19726,18165,17997,21284,20134,19861,17107,20387,21852,19633,20684,17635,18675,19613,20076,20262,19043,19354,20653,20210,21379,20882,20760,20194,19735,19317
" ","2010",19558,18891,17822,17849,21416,18694,19333,18280,18504,17726,20308,18949,17104,16707,19578,19668,18768,16345,19407,19870,18308,19381,16538,17621,17948,18679,19154,18038,18094,20386,18509,20067,19760,19682,19842,18545,18181
" ","2011",18889,17565,16988,17357,20850,16865,17983,17861,17324,17085,18399,17387,17100,16383,18644,19833,18501,15774,17951,18999,18427,17572,16899,17186,17337,17813,18725,17442,16675,18711,17904,19510,19180,17900,21738,18118,17217
" ","2012",19429,18236,17252,17786,21632,17304,18361,18616,17559,17425,18820,17887,17640,16731,19210,20223,18835,15897,18423,19595,19140,17884,16453,17557,17705,18156,19225,17859,16987,19279,17966,20093,19669,18790,21997,18704,17644
" ","2013",18898,17319,16652,16939,21200,16888,17707,18069,17551,17121,18046,17060,16799,16476,18462,19230,18360,15199,17630,18885,18374,17685,16047,17205,18085,18052,18835,17255,16056,18416,18061,19604,19405,17841,20855,18338,16998
" ","2014",19265,17443,16743,16979,21919,17101,17758,17984,17482,17151,18556,17234,17168,16569,18986,19414,18770,15223,17545,19471,18817,18284,16531,16865,18179,18523,18945,17491,16259,18366,18340,20074,19443,17988,21130,19140,17087
" ","2015",20334,18174,17641,17390,23298,18261,18946,19001,17935,17846,20086,18082,17908,17242,20441,20353,19352,15705,18285,20944,20145,19335,17589,17828,19227,19503,19774,18309,16582,19136,19386,21246,20297,18991,22187,20113,17879
"Index of Disposable Income per Person (State=100)"
" ","2000",100.0,92.1,87.5,90.6,115.7,87.2,99.6,88.1,89.3,90.7,100.0,96.4,84.5,87.1,102.8,96.7,91.6,79.1,86.5,108.0,99.0,90.1,87.0,89.3,88.0,91.5,93.6,95.9,91.1,91.8,89.0,103.6,96.3,93.3,98.5,97.8,89.9
" ","2001",100.0,90.7,87.1,88.8,117.0,86.7,101.6,87.8,87.6,89.9,99.8,93.7,84.3,86.3,103.1,96.3,90.3,77.6,84.4,107.9,100.4,89.9,85.9,88.5,86.1,90.5,93.4,95.9,89.8,92.7,88.8,103.9,96.1,92.0,99.0,96.0,89.0
" ","2002",100.0,91.4,87.7,88.8,114.7,87.0,98.5,91.7,90.0,92.2,98.6,93.5,85.2,89.7,103.5,95.7,87.9,78.2,87.6,107.3,103.8,89.6,88.0,93.4,89.3,92.4,95.0,95.8,91.2,94.0,93.5,103.6,97.8,92.9,97.6,99.3,90.0
" ","2003",100.0,92.5,88.0,89.5,113.9,87.8,98.0,93.1,92.6,94.6,99.7,92.9,85.5,92.0,103.2,95.7,88.0,78.2,88.9,106.3,103.0,90.7,88.6,94.7,90.0,92.7,94.8,98.3,91.4,94.2,93.7,103.2,97.5,94.6,97.9,98.4,91.1
" ","2004",100.0,93.4,90.8,89.9,111.7,91.9,102.0,94.7,95.9,95.3,103.0,92.1,85.7,93.6,103.8,94.9,89.3,79.3,94.0,107.1,100.0,92.4,92.5,93.1,88.1,93.2,95.9,97.3,91.3,94.7,93.3,102.6,98.9,95.9,96.6,99.9,92.7
" ","2005",100.0,93.9,90.7,89.8,110.7,94.3,102.1,93.2,95.0,94.6,105.4,94.1,86.5,93.8,103.4,96.7,90.3,77.9,95.0,106.0,97.4,94.1,93.1,93.4,89.0,93.0,97.3,95.6,94.5,100.1,90.6,102.7,100.5,96.0,97.1,98.1,92.7
" ","2006",100.0,93.5,89.9,87.2,109.8,94.3,100.2,91.9,95.7,93.5,109.1,94.2,87.2,93.1,104.9,97.4,93.2,78.6,95.0,107.5,96.2,97.8,89.9,92.2,93.3,95.3,97.0,92.7,93.7,100.8,94.2,102.9,99.9,97.1,98.0,96.0,92.0
" ","2007",100.0,92.8,90.8,86.2,109.3,97.0,101.1,92.7,95.2,91.9,109.0,95.3,87.0,89.8,104.1,97.2,96.1,79.3,95.4,105.8,95.9,101.8,90.1,90.4,95.4,98.3,96.9,91.6,90.8,98.7,97.3,103.0,99.8,97.0,97.8,98.4,91.8
" ","2008",100.0,94.4,90.3,87.5,109.8,95.7,100.7,90.7,95.9,91.3,108.5,96.4,86.5,88.2,103.6,96.8,95.5,79.8,97.0,105.8,94.8,101.3,87.8,90.4,96.0,97.3,96.9,90.6,92.2,99.0,95.5,102.9,99.9,98.8,96.2,96.1,92.0
" ","2009",100.0,95.8,91.1,90.2,109.9,95.8,101.3,92.8,95.8,90.9,105.7,94.7,87.2,86.4,102.2,96.7,95.4,82.1,97.9,104.9,94.3,99.3,84.7,89.7,94.2,96.4,97.3,91.4,92.9,99.2,97.1,102.7,100.3,99.7,97.0,94.8,92.8
" ","2010",100.0,96.6,91.1,91.3,109.5,95.6,98.8,93.5,94.6,90.6,103.8,96.9,87.5,85.4,100.1,100.6,96.0,83.6,99.2,101.6,93.6,99.1,84.6,90.1,91.8,95.5,97.9,92.2,92.5,104.2,94.6,102.6,101.0,100.6,101.5,94.8,93.0
" ","2011",100.0,93.0,89.9,91.9,110.4,89.3,95.2,94.6,91.7,90.5,97.4,92.0,90.5,86.7,98.7,105.0,97.9,83.5,95.0,100.6,97.6,93.0,89.5,91.0,91.8,94.3,99.1,92.3,88.3,99.1,94.8,103.3,101.5,94.8,115.1,95.9,91.1
" ","2012",100.0,93.9,88.8,91.5,111.3,89.1,94.5,95.8,90.4,89.7,96.9,92.1,90.8,86.1,98.9,104.1,96.9,81.8,94.8,100.9,98.5,92.0,84.7,90.4,91.1,93.4,98.9,91.9,87.4,99.2,92.5,103.4,101.2,96.7,113.2,96.3,90.8
" ","2013",100.0,91.6,88.1,89.6,112.2,89.4,93.7,95.6,92.9,90.6,95.5,90.3,88.9,87.2,97.7,101.8,97.2,80.4,93.3,99.9,97.2,93.6,84.9,91.0,95.7,95.5,99.7,91.3,85.0,97.4,95.6,103.7,102.7,94.4,110.4,97.0,89.9
" ","2014",100.0,90.5,86.9,88.1,113.8,88.8,92.2,93.4,90.7,89.0,96.3,89.5,89.1,86.0,98.6,100.8,97.4,79.0,91.1,101.1,97.7,94.9,85.8,87.5,94.4,96.1,98.3,90.8,84.4,95.3,95.2,104.2,100.9,93.4,109.7,99.4,88.7
" ","2015",100.0,89.4,86.8,85.5,114.6,89.8,93.2,93.4,88.2,87.8,98.8,88.9,88.1,84.8,100.5,100.1,95.2,77.2,89.9,103.0,99.1,95.1,86.5,87.7,94.6,95.9,97.2,90.0,81.5,94.1,95.3,104.5,99.8,93.4,109.1,98.9,87.9
"Disposable Income per Person (excluding Rent) (Euro)"
" ","2000",12509,11543,11097,11505,14249,11123,12563,11103,11330,11506,12541,12227,10708,11074,12869,12222,11568,10070,10950,13515,12360,11430,11101,11389,11147,11609,11758,12104,11581,11687,11327,12926,12073,11555,12407,12419,11347
" ","2001",14268,12954,12609,12871,16429,12640,14630,12625,12676,13017,14292,13554,12201,12518,14732,13893,12995,11274,12174,15406,14296,13018,12524,12885,12428,13095,13392,13815,13032,13483,12920,14785,13749,12981,14230,13894,12823
" ","2002",15321,14094,13713,13895,17065,13707,15305,14261,14093,14431,15225,14614,13302,14056,15943,14893,13641,12268,13644,16518,15959,14019,13842,14716,13935,14452,14693,14918,14306,14744,14701,15792,15104,14150,15109,15532,14008
" ","2003",16308,15205,14616,14885,18083,14643,16178,15424,15407,15727,16356,15394,14180,15317,16905,15832,14507,13026,14754,17395,16844,15041,14765,15841,14908,15381,15582,16303,15199,15679,15629,16753,15997,15386,16144,16350,15074
" ","2004",17348,16316,16018,15846,18920,16258,17915,16666,16924,16811,17985,16181,15055,16519,18068,16653,15634,13998,16599,18621,17372,16245,16371,16485,15458,16404,16761,17118,16100,16696,16476,17727,17266,16636,16915,17628,16301
" ","2005",18578,17553,17070,16910,20145,17792,19171,17520,17865,17811,19709,17674,16243,17661,19267,18165,16905,14676,17934,19717,18106,17670,17571,17646,16691,17479,18198,17970,17792,18881,17062,19002,18777,17852,18204,18469,17409
" ","2006",19059,17928,17334,16793,20536,18222,19268,17710,18450,18035,20927,18127,16787,17953,20057,18747,17904,15176,18380,20538,18351,18843,17352,17846,17942,18371,18591,17849,18056,19476,18200,19550,19125,18533,18858,18511,17706
" ","2007",19783,18384,18182,17214,21307,19472,20180,18522,19015,18372,21672,19040,17338,17973,20596,19422,19156,15897,19139,20901,18901,20371,18058,18154,19053,19683,19218,18294,18120,19789,19559,20324,19774,19109,19519,19729,18298
" ","2008",20688,19585,18955,18336,22292,20129,21092,18982,20080,19148,22623,20202,18081,18534,21462,20241,19924,16778,20452,21871,19521,21261,18483,19045,20138,20452,20110,18976,19312,20734,20185,21222,20711,20357,20093,20221,19225
" ","2009",19613,18848,18071,17874,21269,19014,20062,18378,18953,18008,20819,18727,17226,17120,20067,19098,18812,16304,19469,20596,18430,19648,16795,17820,18623,19099,19127,18103,18396,19576,19335,20083,19689,19512,19151,18789,18335
" ","2010",18110,17571,16736,16735,19487,17584,18086,17139,17334,16636,18904,17741,15973,15670,18140,18417,17506,15377,18323,18398,16879,18133,15545,16623,16752,17498,17787,16926,16950,19080,17445,18517,18323,18200,18585,17398,17011
" ","2011",17403,16259,15914,16191,18818,15886,16707,16691,16241,16005,17027,16200,15947,15304,17149,18585,17257,14810,16996,17476,16810,16377,15873,16285,16107,16608,17329,16282,15586,17564,16738,17902,17717,16467,20417,16910,16059
" ","2012",17848,16810,16064,16504,19529,16194,17010,17302,16396,16244,17394,16585,16345,15562,17652,18845,17455,14810,17291,18008,17453,16589,15338,16491,16395,16849,17726,16597,15775,17883,16723,18397,18113,17234,20578,17370,16372
" ","2013",17304,15881,15450,15644,19089,15762,16340,16738,16370,15925,16601,15743,15491,15295,16887,17835,16964,14103,16482,17277,16672,16377,14917,16121,16759,16731,17320,15980,14832,17004,16805,17895,17832,16273,19419,16993,15712
" ","2014",17566,15911,15461,15598,19668,15897,16301,16568,16223,15878,17017,15831,15776,15313,17307,17930,17278,14054,16322,17756,17006,16888,15327,15712,16768,17116,17333,16132,14955,16865,17004,18253,17769,16319,19603,17707,15717
" ","2015",18473,16493,16236,15873,20832,16941,17346,17452,16562,16453,18403,16546,16382,15868,18599,18732,17713,14422,16944,19060,18154,17802,16270,16561,17688,17962,18009,16823,15153,17494,17927,19252,18465,17158,20521,18543,16377
"Index of Disposable Income per Person (excluding Rent) (State=100)"
" ","2000",100.0,92.3,88.7,92.0,113.9,88.9,100.4,88.8,90.6,92.0,100.3,97.7,85.6,88.5,102.9,97.7,92.5,80.5,87.5,108.0,98.8,91.4,88.7,91.0,89.1,92.8,94.0,96.8,92.6,93.4,90.5,103.3,96.5,92.4,99.2,99.3,90.7
" ","2001",100.0,90.8,88.4,90.2,115.1,88.6,102.5,88.5,88.8,91.2,100.2,95.0,85.5,87.7,103.3,97.4,91.1,79.0,85.3,108.0,100.2,91.2,87.8,90.3,87.1,91.8,93.9,96.8,91.3,94.5,90.5,103.6,96.4,91.0,99.7,97.4,89.9
" ","2002",100.0,92.0,89.5,90.7,111.4,89.5,99.9,93.1,92.0,94.2,99.4,95.4,86.8,91.7,104.1,97.2,89.0,80.1,89.1,107.8,104.2,91.5,90.3,96.1,91.0,94.3,95.9,97.4,93.4,96.2,96.0,103.1,98.6,92.4,98.6,101.4,91.4
" ","2003",100.0,93.2,89.6,91.3,110.9,89.8,99.2,94.6,94.5,96.4,100.3,94.4,87.0,93.9,103.7,97.1,89.0,79.9,90.5,106.7,103.3,92.2,90.5,97.1,91.4,94.3,95.6,100.0,93.2,96.1,95.8,102.7,98.1,94.3,99.0,100.3,92.4
" ","2004",100.0,94.1,92.3,91.3,109.1,93.7,103.3,96.1,97.6,96.9,103.7,93.3,86.8,95.2,104.1,96.0,90.1,80.7,95.7,107.3,100.1,93.6,94.4,95.0,89.1,94.6,96.6,98.7,92.8,96.2,95.0,102.2,99.5,95.9,97.5,101.6,94.0
" ","2005",100.0,94.5,91.9,91.0,108.4,95.8,103.2,94.3,96.2,95.9,106.1,95.1,87.4,95.1,103.7,97.8,91.0,79.0,96.5,106.1,97.5,95.1,94.6,95.0,89.8,94.1,98.0,96.7,95.8,101.6,91.8,102.3,101.1,96.1,98.0,99.4,93.7
" ","2006",100.0,94.1,91.0,88.1,107.8,95.6,101.1,92.9,96.8,94.6,109.8,95.1,88.1,94.2,105.2,98.4,93.9,79.6,96.4,107.8,96.3,98.9,91.0,93.6,94.1,96.4,97.5,93.7,94.7,102.2,95.5,102.6,100.3,97.2,98.9,97.1,92.9
" ","2007",100.0,92.9,91.9,87.0,107.7,98.4,102.0,93.6,96.1,92.9,109.5,96.2,87.6,90.8,104.1,98.2,96.8,80.4,96.7,105.7,95.5,103.0,91.3,91.8,96.3,99.5,97.1,92.5,91.6,100.0,98.9,102.7,100.0,96.6,98.7,99.7,92.5
" ","2008",100.0,94.7,91.6,88.6,107.8,97.3,102.0,91.8,97.1,92.6,109.4,97.7,87.4,89.6,103.7,97.8,96.3,81.1,98.9,105.7,94.4,102.8,89.3,92.1,97.3,98.9,97.2,91.7,93.3,100.2,97.6,102.6,100.1,98.4,97.1,97.7,92.9
" ","2009",100.0,96.1,92.1,91.1,108.4,96.9,102.3,93.7,96.6,91.8,106.1,95.5,87.8,87.3,102.3,97.4,95.9,83.1,99.3,105.0,94.0,100.2,85.6,90.9,95.0,97.4,97.5,92.3,93.8,99.8,98.6,102.4,100.4,99.5,97.6,95.8,93.5
" ","2010",100.0,97.0,92.4,92.4,107.6,97.1,99.9,94.6,95.7,91.9,104.4,98.0,88.2,86.5,100.2,101.7,96.7,84.9,101.2,101.6,93.2,100.1,85.8,91.8,92.5,96.6,98.2,93.5,93.6,105.4,96.3,102.2,101.2,100.5,102.6,96.1,93.9
" ","2011",100.0,93.4,91.4,93.0,108.1,91.3,96.0,95.9,93.3,92.0,97.8,93.1,91.6,87.9,98.5,106.8,99.2,85.1,97.7,100.4,96.6,94.1,91.2,93.6,92.6,95.4,99.6,93.6,89.6,100.9,96.2,102.9,101.8,94.6,117.3,97.2,92.3
" ","2012",100.0,94.2,90.0,92.5,109.4,90.7,95.3,96.9,91.9,91.0,97.5,92.9,91.6,87.2,98.9,105.6,97.8,83.0,96.9,100.9,97.8,92.9,85.9,92.4,91.9,94.4,99.3,93.0,88.4,100.2,93.7,103.1,101.5,96.6,115.3,97.3,91.7
" ","2013",100.0,91.8,89.3,90.4,110.3,91.1,94.4,96.7,94.6,92.0,95.9,91.0,89.5,88.4,97.6,103.1,98.0,81.5,95.3,99.8,96.3,94.6,86.2,93.2,96.9,96.7,100.1,92.3,85.7,98.3,97.1,103.4,103.1,94.0,112.2,98.2,90.8
" ","2014",100.0,90.6,88.0,88.8,112.0,90.5,92.8,94.3,92.4,90.4,96.9,90.1,89.8,87.2,98.5,102.1,98.4,80.0,92.9,101.1,96.8,96.1,87.3,89.4,95.5,97.4,98.7,91.8,85.1,96.0,96.8,103.9,101.2,92.9,111.6,100.8,89.5
" ","2015",100.0,89.3,87.9,85.9,112.8,91.7,93.9,94.5,89.7,89.1,99.6,89.6,88.7,85.9,100.7,101.4,95.9,78.1,91.7,103.2,98.3,96.4,88.1,89.6,95.7,97.2,97.5,91.1,82.0,94.7,97.0,104.2,100.0,92.9,111.1,100.4,88.7

